# Jirinec et al. 2021, Sci. Adv. 7: eabk1743, doi:10.1126/sciadv.abk1743, supplementary Table S6.
# Model-estimated (HMSC models 1 and 7) species means in 1980 and 2019 and their change (pct). Transcribed 2026-09-30
# from the supplementary PDF (Europe PMC PMC8589309). Licence of the source: CC BY-NC 4.0. sig_* = 95% CrI excludes zero.
species,family,guild,stratum,mass_n,mass_1980_g,mass_2019_g,mass_change_pct,mass_sig,wing_n,wing_1980_mm,wing_2019_mm,wing_change_pct,wing_sig
Phaethornis bourcieri,Trochilidae,HU,U,115,4.16,3.90,-6.20,decrease,95,55.85,55.05,-1.43,
Phaethornis superciliosus,Trochilidae,HU,U,149,5.57,5.28,-5.20,,131,57.76,55.99,-3.07,decrease
Campylopterus largipennis,Trochilidae,HU,M,45,8.85,8.30,-6.30,,36,71.89,72.37,0.66,
Thalurania furcata,Trochilidae,HU,M,116,4.14,3.93,-5.24,,87,50.40,50.52,0.24,
Trogon rufus,Trogonidae,MF,M,24,51.63,49.53,-4.07,,24,109.48,109.80,0.29,
Momotus momota,Momotidae,MF,M,80,133.00,127.26,-4.31,,68,142.42,140.17,-1.58,
Galbula albirostris,Galbulidae,MI,M,167,18.03,17.54,-2.70,,140,69.06,70.31,1.81,increase
Bucco capensis,Bucconidae,MI,M,22,51.81,49.92,-3.66,,22,81.06,82.91,2.28,
Malacoptila fusca,Bucconidae,UI,U,115,44.15,42.98,-2.64,,95,87.36,88.59,1.40,
Frederickena viridis,Thamnophilidae,NGI,NG,59,67.35,66.77,-0.86,,56,91.97,92.99,1.11,
Thamnophilus murinus,Thamnophilidae,MI,M,100,17.98,17.22,-4.19,decrease,72,59.85,60.82,1.62,
Thamnomanes ardesiacus,Thamnophilidae,UI,U,508,18.42,17.25,-6.36,decrease,395,71.78,72.95,1.62,increase
Thamnomanes caesius,Thamnophilidae,MI,M,504,17.71,16.90,-4.61,decrease,373,71.01,71.53,0.73,
Isleria guttata,Thamnophilidae,NGI,NG,105,10.27,10.19,-0.75,,71,49.70,51.08,2.77,increase
Epinecrophylla gutturalis,Thamnophilidae,UI,U,292,8.89,8.36,-5.91,decrease,205,49.47,50.56,2.20,increase
Myrmotherula axillaris,Thamnophilidae,UI,U,165,7.81,7.35,-5.82,decrease,120,50.50,50.95,0.88,
Myrmotherula longipennis,Thamnophilidae,UI,U,370,8.51,8.27,-2.86,decrease,317,56.82,57.61,1.39,increase
Myrmotherula menetriesii,Thamnophilidae,MI,M,212,8.31,7.93,-4.53,decrease,182,51.27,52.32,2.04,increase
Hypocnemis cantator,Thamnophilidae,GI,U,283,11.94,11.59,-2.90,decrease,197,51.62,52.48,1.67,increase
Percnostola rufifrons,Thamnophilidae,GI,NG,282,28.76,28.26,-1.73,,234,70.68,71.79,1.57,increase
Myrmelastes leucostigma,Thamnophilidae,RI,NG,74,24.64,23.13,-6.14,decrease,66,65.76,65.79,0.05,
Myrmoderus ferrugineus,Thamnophilidae,TI,T,147,24.34,24.21,-0.52,,107,61.95,63.85,3.08,increase
Myrmornis torquata,Thamnophilidae,TI,T,101,44.90,42.25,-5.91,decrease,77,91.78,92.43,0.71,
Pithys albifrons,Thamnophilidae,AF,NG,1160,20.39,19.70,-3.42,decrease,874,69.46,70.18,1.04,increase
Gymnopithys rufigula,Thamnophilidae,AF,NG,551,29.26,28.46,-2.74,decrease,367,74.04,75.58,2.09,increase
Hylophylax naevius,Thamnophilidae,NGI,NG,43,12.42,12.21,-1.72,,28,56.69,57.29,1.07,
Willisornis poecilinotus,Thamnophilidae,NGI,NG,774,16.98,16.21,-4.55,decrease,589,63.18,64.03,1.35,increase
Conopophaga aurita,Conopophagidae,NGI,NG,66,23.71,22.25,-6.19,decrease,52,64.85,66.32,2.27,increase
Grallaria varia,Grallariidae,TI,T,12,124.13,122.32,-1.46,,12,113.52,113.67,0.14,
Hylopezus macularius,Grallariidae,TI,T,30,42.39,41.65,-1.74,,24,83.07,83.48,0.50,
Formicarius colma,Formicariidae,TI,T,248,46.52,45.05,-3.16,decrease,219,82.16,83.44,1.55,increase
Formicarius analis,Formicariidae,TI,T,98,62.53,61.40,-1.81,,100,89.63,90.39,0.85,
Sclerurus obscurior,Furnariidae,TI,T,47,25.36,25.07,-1.15,,42,78.55,79.44,1.12,
Sclerurus rufigularis,Furnariidae,TI,T,150,21.02,20.73,-1.40,,124,75.41,75.78,0.50,
Sclerurus caudacutus,Furnariidae,TI,T,68,39.41,38.82,-1.50,,49,90.83,91.91,1.19,
Certhiasomus stictolaemus,Furnariidae,WO,U,201,16.90,16.35,-3.29,,165,77.75,78.91,1.49,
Deconychura longicauda,Furnariidae,WO,M,57,28.18,27.03,-4.08,,48,100.19,100.66,0.47,
Dendrocincla merula,Furnariidae,AF,NG,271,53.13,52.84,-0.56,,203,105.71,105.31,-0.38,
Dendrocincla fuliginosa,Furnariidae,AW,U,130,40.82,39.33,-3.67,,116,106.43,105.51,-0.86,
Glyphorynchus spirurus,Furnariidae,WO,U,924,13.70,13.32,-2.76,decrease,762,67.27,68.72,2.15,increase
Dendrocolaptes certhia,Furnariidae,AW,M,56,67.73,65.92,-2.68,,48,125.39,124.91,-0.38,
Hylexetastes perrotii,Furnariidae,AW,M,47,113.37,110.09,-2.89,,35,126.86,125.73,-0.89,
Xiphorhynchus pardalotus,Furnariidae,WO,M,355,37.83,36.38,-3.84,decrease,265,101.23,101.22,-0.01,
Campylorhamphus procurvoides,Furnariidae,WO,M,31,34.73,33.92,-2.33,,27,94.20,95.22,1.09,
Xenops minutus,Furnariidae,MI,M,144,12.27,11.95,-2.62,,110,64.30,64.88,0.91,
Philydor erythrocercum,Furnariidae,MI,M,85,23.70,23.60,-0.43,,67,83.26,85.47,2.66,
Philydor pyrrhodes,Furnariidae,UI,U,28,29.69,28.92,-2.58,,18,82.24,83.94,2.07,
Clibanornis rubiginosus,Furnariidae,NGI,NG,81,36.79,35.85,-2.56,,57,80.77,80.48,-0.36,
Automolus ochrolaemus,Furnariidae,UI,U,35,34.49,33.15,-3.91,decrease,31,85.53,86.19,0.76,
Automolus infuscatus,Furnariidae,UI,U,240,31.84,30.77,-3.35,decrease,182,85.25,86.05,0.93,
Synallaxis rutilans,Furnariidae,NGI,NG,30,16.71,16.50,-1.29,,23,55.35,56.35,1.80,
Corapipo gutturalis,Pipridae,MF,M,188,8.20,7.68,-6.34,decrease,177,54.33,54.62,0.54,
Lepidothrix serena,Pipridae,UF,U,258,10.80,10.07,-6.83,decrease,203,53.09,54.13,1.95,increase
Pseudopipra pipra,Pipridae,UF,U,969,12.01,11.48,-4.35,decrease,797,62.12,62.62,0.80,increase
Ceratopipra erythrocephala,Pipridae,MF,M,91,12.03,11.56,-3.96,decrease,76,55.33,55.99,1.20,
Lipaugus vociferans,Cotingidae,MF,M,23,71.87,67.98,-5.42,,21,118.43,118.83,0.33,
Schiffornis olivacea,Tityridae,UF,U,241,34.56,32.47,-6.03,decrease,173,89.66,91.00,1.49,increase
Onychorhynchus coronatus,Onychorhynchidae,UI,U,47,14.69,14.02,-4.58,,33,75.92,75.51,-0.55,
Terenotriccus erythrurus,Onychorhynchidae,MI,M,64,6.83,6.55,-4.16,,49,48.20,49.97,3.66,increase
Myiobius barbatus,Onychorhynchidae,MI,M,293,10.60,10.13,-4.43,decrease,217,61.24,62.84,2.62,increase
Platyrinchus saturatus,Tyrannidae,NGI,NG,155,10.58,9.95,-5.92,decrease,120,56.90,57.16,0.44,
Platyrinchus coronatus,Tyrannidae,UI,U,219,8.75,8.29,-5.32,decrease,175,53.08,53.11,0.05,
Platyrinchus platyrhynchos,Tyrannidae,UI,U,22,12.19,11.51,-5.60,decrease,18,61.84,62.60,1.21,
Corythopis torquatus,Tyrannidae,NGI,NG,170,14.75,14.55,-1.38,,112,63.62,63.58,-0.06,
Mionectes macconnelli,Tyrannidae,MF,M,647,12.48,11.83,-5.19,decrease,500,62.97,63.10,0.21,
Rhynchocyclus olivaceus,Tyrannidae,MI,M,47,19.38,19.12,-1.33,,39,69.80,70.40,0.87,
Attila spadiceus,Tyrannidae,MI,M,26,33.27,31.75,-4.58,,27,81.48,81.36,-0.15,
Rhytipterna simplex,Tyrannidae,MI,M,24,34.44,32.29,-6.22,decrease,25,95.33,95.39,0.07,
Tunchiornis ochraceiceps,Vireonidae,UI,U,225,10.32,9.63,-6.67,decrease,172,56.52,56.17,-0.62,
Microcerculus bambla,Troglodytidae,NGI,NG,72,16.72,16.11,-3.65,,53,54.59,55.70,2.04,
Cyphorhinus arada,Troglodytidae,TI,T,172,20.34,19.22,-5.50,decrease,122,58.87,60.30,2.43,increase
Microbates collaris,Polioptilidae,NGI,NG,272,10.84,10.48,-3.26,decrease,200,49.53,50.43,1.81,increase
Turdus albicollis,Turdidae,UF,U,335,50.05,46.61,-6.87,decrease,234,102.09,102.80,0.69,
Myiothlypis rivularis,Parulidae,RI,NG,21,13.31,12.34,-7.30,,21,61.70,60.97,-1.18,
Cyanoloxia rothschildii,Cardinalidae,UF,U,61,25.75,24.58,-4.55,,49,75.49,77.96,3.27,
Tachyphonus surinamus,Thraupidae,MF,M,174,20.69,19.84,-4.11,decrease,141,79.54,78.51,-1.30,
Lanio fulvus,Thraupidae,MI,M,29,25.88,25.37,-1.97,,21,89.66,88.47,-1.33,
