"model","response","m_used","per_decade","lo","hi","unit","pct_of_mean_wing"
"M0","log",50,-2.53908355704846,-3.84992805069677,-1.21036790374637,"%/decade",NA
"M0","mm",50,-1.83693337796207,-2.78915815805915,-0.884708597864996,"mm/decade",-2.58252732367942
"M1","log",50,-1.37459670872705,-2.45171555145762,-0.28558442258102,"%/decade",NA
"M1","mm",29,-1.05247280932966,-1.83973987771463,-0.265205740944689,"mm/decade",-1.4796616034812
"M3","log",50,-0.881949250773573,-1.99955357003628,0.248400310576646,"%/decade",NA
"M3","mm",50,-0.738759006350486,-1.54844694371772,0.0709289310167469,"mm/decade",-1.03861432450588
"M5src","log",50,-0.264312637863606,-2.06262010866322,1.56701501137169,"%/decade",NA
"M5src","mm",50,-0.315746455742323,-1.589880670085,0.958387758600355,"mm/decade",-0.443904966338044
"M3_noanom","log",44,-1.1162624525929,-2.10543742643279,-0.117092366632898,"%/decade",NA
"M3_noanom","mm",50,-0.860615485386003,-1.62436567296407,-0.0968652978079349,"mm/decade",-1.20993119993101
