"scenario","planted","model","n","mean_est","bias","rmse","coverage","excl_zero","mean_se"
"artefact",-1,"M0",200,-2.55849780921096,-1.55849780921096,1.82865291177243,0.245,0.945,0.489534090525969
"artefact",-1,"M1",200,-1.28979386578401,-0.289793865784015,0.512795006104939,0.875,0.855,0.412773076047552
"artefact",-1,"M3",200,-1.01938369997822,-0.0193836999782176,0.432285596211424,0.945,0.685,0.413077521828955
"artefact",-1,"M5src",200,-0.974806813119171,0.0251931868808286,0.469569427557674,0.93,0.605,0.436836312043907
"artefact",-0.5,"M0",200,-2.16151671324566,-1.66151671324566,1.93832742103206,0.26,0.87,0.494757331615142
"artefact",-0.5,"M1",200,-0.81782811208791,-0.317828112087911,0.509725827464207,0.88,0.515,0.40957040010646
"artefact",-0.5,"M3",200,-0.546856005349586,-0.0468560053495858,0.40640122644132,0.945,0.265,0.410086573863807
"artefact",-0.5,"M5src",200,-0.488455387172358,0.0115446128276419,0.443350859600796,0.935,0.215,0.433708146358232
"artefact",0,"M0",200,-1.46476962076864,-1.46476962076864,1.73923054574111,0.28,0.72,0.491755090416869
"artefact",0,"M1",200,-0.365468981812537,-0.365468981812537,0.55677427512504,0.835,0.165,0.411186994719714
"artefact",0,"M3",200,-0.0995378768091151,-0.0995378768091151,0.436124853678796,0.925,0.075,0.411571864356709
"artefact",0,"M5src",200,-0.036652952960494,-0.036652952960494,0.453293991323097,0.93,0.07,0.433866131461281
"clean",-1,"M0",200,-1.47214094628281,-0.472140946282812,1.08579014219742,0.61,0.67,0.486684962821739
"clean",-1,"M1",200,-1.24931002178026,-0.24931002178026,0.476311680942308,0.895,0.865,0.407278935898579
"clean",-1,"M3",200,-0.988677330000401,0.0113226699995993,0.409480294376848,0.945,0.69,0.408012360318453
"clean",-1,"M5src",200,-0.978790042171414,0.0212099578285865,0.441140609280792,0.935,0.635,0.430019484565389
"clean",-0.5,"M0",200,-1.06722583028929,-0.567225830289295,1.1832969890124,0.565,0.55,0.490267189140995
"clean",-0.5,"M1",200,-0.754420690281614,-0.254420690281614,0.472882332096115,0.93,0.425,0.412048615425503
"clean",-0.5,"M3",200,-0.494850420057125,0.00514957994287516,0.401357764997454,0.955,0.215,0.412520640950807
"clean",-0.5,"M5src",200,-0.505023343716726,-0.00502334371672614,0.438296063277372,0.94,0.22,0.435342738647622
"clean",0,"M0",200,-0.524738658657249,-0.524738658657249,1.14527140668465,0.55,0.45,0.494495983856297
"clean",0,"M1",200,-0.3333454702053,-0.3333454702053,0.515519537021242,0.88,0.12,0.410818818638019
"clean",0,"M3",200,-0.0692064487783953,-0.0692064487783953,0.407490272758027,0.945,0.055,0.411179586465707
"clean",0,"M5src",200,-0.0786752764368229,-0.0786752764368229,0.428395661553275,0.955,0.045,0.434043550483334
"real",-1,"M0",200,-2.05438386126471,-1.05438386126471,1.11628160983481,0.385,1,0.484186988841445
"real",-1,"M1",200,-1.35036619945494,-0.350366199454942,0.523850859631478,0.85,0.925,0.405283786207976
"real",-1,"M3",200,-1.14410828165323,-0.144108281653232,0.415758740520983,0.93,0.79,0.406417267135857
"real",-1,"M5src",200,-1.06932070125644,-0.0693207012564397,0.432954455378307,0.935,0.695,0.42837854555779
"real",-0.5,"M0",200,-1.59397546708134,-1.09397546708134,1.15076522072436,0.375,0.955,0.487921253698356
"real",-0.5,"M1",200,-0.889013930142425,-0.389013930142425,0.549498275180914,0.845,0.575,0.406818116922826
"real",-0.5,"M3",200,-0.68392446646257,-0.18392446646257,0.432001204836311,0.925,0.395,0.408020209314514
"real",-0.5,"M5src",200,-0.6417551433464,-0.1417551433464,0.43471377835765,0.955,0.31,0.431890248959042
"real",0,"M0",200,-1.10845398305904,-1.10845398305904,1.15877591154783,0.315,0.685,0.487418284697117
"real",0,"M1",200,-0.415971423157341,-0.415971423157341,0.563439717469413,0.84,0.16,0.407966747112124
"real",0,"M3",200,-0.207019718313575,-0.207019718313575,0.437134180234863,0.935,0.065,0.409135430567397
"real",0,"M5src",200,-0.159222213171907,-0.159222213171907,0.446543689838447,0.93,0.07,0.432571544221285
