model,spp,ranef_yr,se_ranef,slope,fixed,se_fixed,se_total,lo,hi,mm_per_decade,mm_per_decade_lo,mm_per_decade_hi,n,yr_min,yr_max,n_src,n_site,mean_wing,pct_per_decade,tree_name,slope_tree_min,slope_tree_max,n_trees
M3,Tiaris_fuliginosus,-5.57167637958034,0.684390216930121,-5.94252786831569,-0.37085148873535,0.207376163739745,0.715117994728124,-7.34415913798281,-4.54089659864857,-11.837881514721,-14.6300173305435,-9.04574569889856,29,1997,2016,11,13,58.5,-20.235694896959,Asemospiza_fuliginosa,-5.9517740645682,-5.9342088590507,50
M3,Molothrus_bonariensis,-3.46659291344444,0.96526817386718,-3.83744440217979,-0.37085148873535,0.207376163739745,0.987292561019095,-5.77253782177721,-1.90235098258236,-7.64442559782381,-11.4992508723081,-3.7896003233395,30,1998,2014,5,5,104.37,-7.32435143990017,Molothrus_bonariensis,-3.88494973496937,-3.78475974688528,50
M3,Pyriglena_pernambucensis,-2.97233883097033,0.988302419414104,-3.34319031970568,-0.37085148873535,0.207376163739745,1.00982526981161,-5.32244784853643,-1.36393279087493,-6.65984102436451,-10.6026439245146,-2.7170381242144,39,2007,2017,3,2,75.625641025641,-8.80632670882945,Pyriglena_leuconota,-3.35003153495672,-3.33452936586042,50
M3,Arremon_taciturnus,-1.92744283213452,0.64736446752586,-2.29829432086987,-0.37085148873535,0.207376163739745,0.679768729142842,-3.63064102998984,-0.965947611749898,-4.57834383940804,-7.23246054337582,-1.92422713544027,114,2005,2017,7,9,71.2078947368421,-6.42954528613421,Arremon_taciturnus,-2.30333042815428,-2.2945832796599,50
M3,Tangara_seledon,-1.33847545545087,0.630044642445791,-1.70932694418622,-0.37085148873535,0.207376163739745,0.663294750441373,-3.00938465505131,-0.40926923332113,-3.40508455047967,-5.99487958124028,-0.815289519719065,43,2003,2017,6,7,70.3476744186047,-4.84036548275594,Tangara_seledon,-1.71502605326613,-1.70450256422266,50
M3,Turdus_flavipes,-1.04847888584446,0.357587925294853,-1.41933037457981,-0.37085148873535,0.207376163739745,0.413368844959935,-2.22953331070128,-0.609127438458332,-2.82739352289863,-4.44136767215298,-1.21341937364427,119,1995,2017,12,24,109.306722689076,-2.58666022852152,Turdus_flavipes,-1.4200685784561,-1.41847601624609,50
M3,Stephanophorus_diadematus,-1.00956947238601,0.579626496552181,-1.38042096112136,-0.37085148873535,0.207376163739745,0.615606612351819,-2.58700992133093,-0.173832000911795,-2.74988357485375,-5.15348309755649,-0.346284052151018,29,2001,2017,5,5,92.3413793103448,-2.9779537574502,Stephanophorus_diadematus,-1.3816214274161,-1.37962414733392,50
M3,Taraba_major,-1.00454553400826,0.770015571504039,-1.37539702274361,-0.37085148873535,0.207376163739745,0.797452169667305,-2.93840327529152,0.187609229804312,-2.73987558018027,-5.85348030100671,0.373729140646165,41,1999,2017,7,16,90.9731707317073,-3.01174022862251,Taraba_major,-1.38595098487541,-1.37071788973591,50
M3,Turdus_amaurochalinus,-0.818393661976517,0.496228005622604,-1.18924515071187,-0.37085148873535,0.207376163739745,0.537816583165016,-2.2433656537153,-0.135124647708435,-2.36904958597592,-4.46892255137265,-0.26917662057919,90,2001,2017,10,11,110.96,-2.13504829305688,Turdus_amaurochalinus,-1.19104395326132,-1.1862178107764,50
M3,Turdus_nigriceps,-0.75033039923528,0.868143362778863,-1.12118188797063,-0.37085148873535,0.207376163739745,0.892568241452922,-2.87061564121836,0.628251865277097,-2.23346337457049,-5.71844315888408,1.2515164097431,29,1997,2017,8,9,107.137931034483,-2.08466166277902,Turdus_nigriceps,-1.12487469644446,-1.09872905758792,50
M3,Volatinia_jacarina,-0.668762980180972,0.591059851928537,-1.03961446891632,-0.37085148873535,0.207376163739745,0.626383214380904,-2.26732556910289,0.188096631270249,-2.07097605206675,-4.51665217851893,0.37470007438543,79,1999,2018,13,16,50.3253164556962,-4.11517740557067,Volatinia_jacarina,-1.04187373412468,-1.03720835064512,50
M3,Conopophaga_melanops,-0.519113417126212,0.296820199636573,-0.889964905861562,-0.37085148873535,0.207376163739745,0.362086936759818,-1.59965530191081,-0.180274509812318,-1.77286490552632,-3.18661188437685,-0.359117926675791,215,1995,2017,16,27,64.6128372093023,-2.74382766969887,Conopophaga_melanops,-0.890911088402723,-0.88925904730367,50
M3,Tachyphonus_rufus,-0.487911367679506,0.584567910960998,-0.858762856414855,-0.37085148873535,0.207376163739745,0.620261437080182,-2.07447527309201,0.356949560262302,-1.71070850129035,-4.13248251119135,0.711065508610657,551,2006,2017,7,7,86.5722323049002,-1.97604757985837,Tachyphonus_rufus,-0.860575866762012,-0.857011669330087,50
M3,Tangara_sayaca,-0.434364355686265,1.05738349034682,-0.805215844421614,-0.37085148873535,0.207376163739745,1.07752649341224,-2.9171677715096,1.30673608266637,-1.60403955543263,-5.81117786957577,2.60309875871051,27,2003,2016,6,7,88.3444444444445,-1.81566545074754,Thraupis_sayaca,-0.810606543718007,-0.798845747427875,50
M3,Antilophia_galeata,-0.407991497413896,0.816066948608904,-0.778842986149246,-0.37085148873535,0.207376163739745,0.842008875873678,-2.42918038286165,0.871494410563163,-1.55150319744643,-4.83907693618464,1.73607054129179,60,2007,2017,5,9,79.8616666666667,-1.94273831514464,Chiroxiphia_galeata,-0.839157957735999,-0.749395603977054,50
M3,Passer_domesticus,-0.375123891847472,0.932060549797064,-0.745975380582822,-0.37085148873535,0.207376163739745,0.9548515556107,-2.61748442957979,1.12553366841415,-1.48602890283816,-5.21419019491701,2.24213238924069,10,2002,2018,4,4,75.1,-1.97873355903883,Passer_domesticus,-0.750145969997768,-0.740935909882658,50
M3,Ilicura_militaris,-0.371119583732689,0.651665658140785,-0.741971072468039,-0.37085148873535,0.207376163739745,0.683866128798678,-2.08234868491345,0.59840653997737,-1.47805207444768,-4.14816683246407,1.19206268356872,22,2002,2017,9,12,59.0409090909091,-2.50343718822457,Ilicura_militaris,-0.743321972036337,-0.740681321419353,50
M3,Formicivora_grisea,-0.370291135532482,0.818806503385318,-0.741142624267832,-0.37085148873535,0.207376163739745,0.844658966685376,-2.39667419897117,0.914388950435505,-1.47640175460864,-4.77432261581486,1.82151910659758,79,2006,2017,6,10,53.9417721518987,-2.73702864349937,Formicivora_grisea,-0.742916850019968,-0.739225650045259,50
M3,Geothlypis_aequinoctialis,-0.311717301560603,0.323696700498158,-0.682568790295953,-0.37085148873535,0.207376163739745,0.384426755549495,-1.43604523117296,0.0709076505810569,-1.35971906976688,-2.86069054670231,0.141252407168551,354,1995,2017,14,19,56.1634180790961,-2.42100483957718,Geothlypis_aequinoctialis,-0.683330383401501,-0.68138401824032,50
M3,Thamnophilus_ambiguus,-0.293874420755295,0.585522952029808,-0.664725909490645,-0.37085148873535,0.207376163739745,0.62116152743015,-1.88220250325374,0.552750684272449,-1.32417495225744,-3.74946331156952,1.10111340705464,70,1995,2016,4,14,68.4757142857143,-1.93378771739763,Thamnophilus_ambiguus,-0.665602062632878,-0.663922575086621,50
M3,Ceratopipra_rubrocapilla,-0.287975658704069,0.565073673903803,-0.658827147439419,-0.37085148873535,0.207376163739745,0.601924393508995,-1.83859895871705,0.520944663838211,-1.3124242549459,-3.66260236530466,1.03775385541285,121,1995,2017,7,11,62.3086776859504,-2.106326604395,Ceratopipra_rubrocapilla,-0.664620158334315,-0.656754150571203,50
M3,Habia_rubica,-0.28198135100868,0.33564212221649,-0.65283283974403,-0.37085148873535,0.207376163739745,0.394537954888411,-1.42612723132532,0.120461551837255,-1.30048322482653,-2.84093328015494,0.239966830501888,225,1995,2018,24,40,92.1494222222222,-1.41127659128492,Habia_rubica,-0.65338250027701,-0.652305391341337,50
M3,Machaeropterus_regulus,-0.272385451766894,0.944584900217036,-0.643236940502244,-0.37085148873535,0.207376163739745,0.967080760106026,-2.53871523031005,1.25224134930557,-1.28136760252425,-5.05727709856684,2.49454189351833,31,2008,2017,3,6,52.5190322580645,-2.43981571524005,Machaeropterus_regulus,-0.646490254290291,-0.639649677417621,50
M3,Chiroxiphia_caudata,-0.169858991009088,0.24742148464356,-0.540710479744438,-0.37085148873535,0.207376163739745,0.32283425800486,-1.17346562543396,0.0920446659450869,-1.07712857807713,-2.33761579975939,0.183358643605124,576,1996,2018,23,51,74.43234375,-1.44712435993544,Chiroxiphia_caudata,-0.540981332735339,-0.540328835162965,50
M3,Thamnophilus_doliatus,-0.156678356001259,1.00077116466745,-0.527529844736609,-0.37085148873535,0.207376163739745,1.02203242540929,-2.53071339853882,1.4756537090656,-1.05087194134458,-5.04133695684471,2.93959307415556,24,2007,2017,7,9,73.8125,-1.42370457760485,Thamnophilus_doliatus,-0.541452167703975,-0.517334002085253,50
M3,Trichothraupis_melanops,-0.11286382806824,0.253606136031108,-0.48371531680359,-0.37085148873535,0.207376163739745,0.327598233856391,-1.12580785516212,0.158377221554938,-0.963590703159736,-2.24267858612983,0.31549717981036,463,1995,2018,23,48,80.9872570194385,-1.18980533311365,Trichothraupis_melanops,-0.483927361939677,-0.483472230334653,50
M3,Dacnis_cayana,-0.103968440187187,0.504503899818758,-0.474819928922537,-0.37085148873535,0.207376163739745,0.545462003235689,-1.54392545526449,0.594285597419414,-0.945870542632624,-3.07559459744915,1.1838535121839,90,1997,2016,15,21,64.0777777777778,-1.47612881631587,Dacnis_cayana,-0.476073624144077,-0.474119578994988,50
M3,Coereba_flaveola,-0.0820280743341288,1.00067252872099,-0.452879563069479,-0.37085148873535,0.207376163739745,1.0219350022006,-2.45587216738265,1.5501130412437,-0.902163982543449,-4.89224861490083,3.08792064981393,21,2003,2017,4,4,54.8476190476191,-1.64485532500542,Coereba_flaveola,-0.457078493394411,-0.447931226704736,50
M3,Pachyramphus_polychopterus,-0.0588364103004959,0.711152713543726,-0.429687899035846,-0.37085148873535,0.207376163739745,0.740771505772713,-1.88160005035036,1.02222425227867,-0.855964759410958,-3.74826318828084,2.03633366945893,31,1998,2016,11,17,75.4741935483871,-1.13411580722912,Pachyramphus_polychopterus,-0.431305537213697,-0.427075508525511,50
M3,Euphonia_violacea,-0.0428671571822906,0.432917216180933,-0.41371864591764,-0.37085148873535,0.207376163739745,0.480022736015478,-1.35456320850798,0.527125916672697,-0.824153023651192,-2.69837333906567,1.05006729176328,144,1995,2017,16,23,60.0529166666667,-1.37237801158899,Euphonia_violacea,-0.414410213483078,-0.413304466507102,50
M3,Tangara_cayana,-0.0162827217794661,0.551408338353263,-0.387134210514816,-0.37085148873535,0.207376163739745,0.589113663577166,-1.54179699112606,0.767528570096429,-0.771195190990058,-3.07135456579303,1.52896418381291,270,1999,2017,12,13,72.169962962963,-1.06858194091887,Stilpnia_cayana,-0.390300752835027,-0.384120227648109,50
M3,Haplospiza_unicolor,0.000215028137997075,0.345722267680967,-0.370636460597353,-0.37085148873535,0.207376163739745,0.403148501173119,-1.16080752289667,0.419534601701961,-0.738330657055986,-2.31240007989098,0.835738765779006,402,1998,2017,14,30,62.0753731343284,-1.18940993791253,Haplospiza_unicolor,-0.372277205092692,-0.369152235407395,50
M3,Pyriglena_leucoptera,0.00181940330401853,0.286527246325342,-0.369032085431331,-0.37085148873535,0.207376163739745,0.353698118529399,-1.06228039774895,0.324216226886291,-0.735134642911604,-2.11612797829875,0.645858692475539,341,1996,2017,22,40,77.6395307917889,-0.946856112362482,Pyriglena_leucoptera,-0.369372560691415,-0.368675220541274,50
M3,Rhopias_gularis,0.0231130338265955,0.570257089241847,-0.347738454908754,-0.37085148873535,0.207376163739745,0.606792832826691,-1.53705240724907,0.841575497431559,-0.692716419433258,-3.06190306249054,1.67647022362403,64,2001,2017,11,16,53.23515625,-1.30123863294429,Rhopias_gularis,-0.34941000786518,-0.344962164298443,50
M3,Polioptila_plumbea,0.0620889364319082,1.23152460848027,-0.308762552303441,-0.37085148873535,0.207376163739745,1.2488624477928,-2.75653294997733,2.13900784537045,-0.615074020912749,-5.49118341156471,4.26103536973922,11,2006,2013,3,4,49.8181818181818,-1.23463763321902,Polioptila_plumbea,-0.309997032894261,-0.307112822046665,50
M3,Arremon_flavirostris,0.0853995397253807,0.99406825625242,-0.285451949009969,-0.37085148873535,0.207376163739745,1.01546970944443,-2.27577257952105,1.70486868150111,-0.568637863449173,-4.53347914352432,3.39620341662598,68,2010,2018,5,7,75.9617647058824,-0.748584324825643,Arremon_flavirostris,-0.295117979391502,-0.274658102584148,50
M3,Myrmotherula_unicolor,0.109869061986187,0.489610538344493,-0.260982426749163,-0.37085148873535,0.207376163739745,0.531717032567699,-1.30314781058185,0.781182957083528,-0.519893068024704,-2.59595069971603,1.55616456366662,41,1996,2017,11,14,47.8029268292683,-1.08757580865611,Myrmotherula_unicolor,-0.261477268583637,-0.260438505318712,50
M3,Manacus_manacus,0.112791983094912,0.285608919985771,-0.258059505640438,-0.37085148873535,0.207376163739745,0.352954703902125,-0.949850725288602,0.433731714007727,-0.514070429153047,-1.89216114620011,0.864020287894017,309,1996,2017,21,31,52.3960841423948,-0.98112375679827,Manacus_manacus,-0.258799377892138,-0.257648531779851,50
M3,Formicivora_rufa,0.118239113612632,0.710399694404546,-0.252612375122718,-0.37085148873535,0.207376163739745,0.740048945172042,-1.70310830765992,1.19788355741449,-0.503219409672297,-3.39269664351268,2.38625782416809,40,1999,2012,2,3,49.8375,-1.0097204106793,Formicivora_rufa,-0.256979155883406,-0.249323748290338,50
M3,Tachyphonus_coronatus,0.124286013895745,0.261856233546735,-0.246565474839605,-0.37085148873535,0.207376163739745,0.334025665884175,-0.901255779972587,0.408124830293377,-0.49117361187899,-1.79535702216184,0.813009798403856,472,1996,2017,25,56,81.9291737288136,-0.599510027410724,Tachyphonus_coronatus,-0.246864271534971,-0.246183699968259,50
M3,Herpsilochmus_atricapillus,0.126560396135199,1.21529366215433,-0.244291092600151,-0.37085148873535,0.207376163739745,1.23286005789611,-2.66069680607652,2.17211462087622,-0.486642902378511,-5.30027191035418,4.32698610559716,33,2008,2013,3,3,50.2575757575758,-0.968297604973823,Herpsilochmus_atricapillus,-0.247104015789468,-0.24167016759131,50
M3,Conopophaga_lineata,0.172838627126899,0.328327503868451,-0.198012861608451,-0.37085148873535,0.207376163739745,0.388333932067657,-0.959147368461059,0.563121645244157,-0.394453815960997,-1.91068063198106,1.12177300005907,334,1999,2018,21,36,70.6868263473054,-0.55803016819984,Conopophaga_lineata,-0.198901855070402,-0.19692546967783,50
M3,Thamnophilus_caerulescens,0.199409762725838,0.324070689620011,-0.171441726009511,-0.37085148873535,0.207376163739745,0.38474171814184,-0.925535493567517,0.582652041548495,-0.341522477328338,-1.84372370703354,1.16067875237686,199,1996,2017,21,33,68.5758793969849,-0.498021287268179,Thamnophilus_caerulescens,-0.172073034706923,-0.170677340242213,50
M3,Platyrinchus_mystaceus,0.224307454321779,0.362824576885772,-0.146544034413571,-0.37085148873535,0.207376163739745,0.417907006286459,-0.96564176673503,0.672553697907889,-0.291924742217278,-1.92361787333362,1.33976838889906,231,1996,2017,20,31,53.6242424242424,-0.544389494415133,Platyrinchus_mystaceus,-0.146947982990698,-0.146105603235602,50
M3,Ramphocelus_bresilius,0.229192666521926,0.384838644318673,-0.141658822213423,-0.37085148873535,0.207376163739745,0.437155987378961,-0.998484557476187,0.715166913049341,-0.282193098633754,-1.9890427352816,1.42465653801409,96,1995,2017,7,17,79.6432291666667,-0.354321518083122,Ramphocelus_bresilius,-0.143762958225724,-0.139792216312801,50
M3,Myrmotherula_axillaris,0.289198700702072,0.465570698774612,-0.0816527880332778,-0.37085148873535,0.207376163739745,0.509667136911801,-1.08060037638041,0.917294800313852,-0.162657382767738,-2.15262250406238,1.82730773852691,102,1995,2017,9,15,51.081568627451,-0.318426757709877,Myrmotherula_axillaris,-0.0824899051472302,-0.0810522139450506,50
M3,Turdus_rufiventris,0.302870435488734,0.588359426494615,-0.0679810532466153,-0.37085148873535,0.207376163739745,0.623836302074561,-1.29070020531275,1.15473809881952,-0.135422445028847,-2.57115430337041,2.30030941331272,44,2001,2017,7,9,110.004545454545,-0.12310622662843,Turdus_rufiventris,-0.0713528731609283,-0.0646423686074852,50
M3,Drymophila_squamata,0.323473037639723,0.422590818544541,-0.0473784510956267,-0.37085148873535,0.207376163739745,0.470730960604221,-0.9700111338799,0.875254231688647,-0.0943807926272294,-1.93232192179607,1.74356033654161,56,1995,2017,8,11,52.9035714285714,-0.178401552255615,Drymophila_squamata,-0.0479933501016799,-0.0469420422092477,50
M3,Tachyphonus_cristatus,0.328856809235223,0.526647528545913,-0.0419946795001267,-0.37085148873535,0.207376163739745,0.56600560112068,-1.15136565769666,1.06737629869641,-0.083655988021826,-2.2935913028869,2.12627932684325,50,1996,2017,9,11,74.359,-0.112502841649062,Loriotus_cristatus,-0.0443111698886577,-0.0408106980831314,50
M3,Coryphospingus_cucullatus,0.394314817635472,0.580568445377742,0.0234633289001222,-0.37085148873535,0.207376163739745,0.616493266198987,-1.18486347284989,1.23179013065014,0.046740396278411,-2.36032101380677,2.4538018063636,76,2002,2017,12,17,62.071052631579,0.075301439715929,Coryphospingus_cucullatus,0.0217185413164098,0.0263039391850792,50
M3,Euphonia_pectoralis,0.429319654901076,0.495144504415235,0.058468166165726,-0.37085148873535,0.207376163739745,0.536817064941848,-0.993693281120296,1.11062961345175,0.116472188063808,-1.97949821768535,2.21244259381297,63,1997,2017,9,14,62.2365079365079,0.187144478258051,Euphonia_pectoralis,0.0578129974684072,0.0592267702532465,50
M3,Conopophaga_cearae,0.474917061137553,0.821246136200742,0.104065572402203,-0.37085148873535,0.207376163739745,0.847024306754975,-1.55610206883755,1.76423321364195,0.207305029636835,-3.09985116164584,3.51446122091951,51,2008,2017,1,2,69.0098039215686,0.300399389443915,Conopophaga_cearae,0.0999373699501194,0.107139217014703,50
M3,Myiothlypis_leucoblephara,0.477338455181728,0.696020346244121,0.106486966446378,-0.37085148873535,0.207376163739745,0.726257135673554,-1.31697701947379,1.52995095236654,0.212128595706794,-2.62349933557147,3.04775652698506,28,2002,2017,4,5,64.8642857142857,0.327034504998912,Myiothlypis_leucoblephara,0.10300174146654,0.108997250649624,50
M3,Tangara_peruviana,0.529781191571771,0.66962865976186,0.158929702836421,-0.37085148873535,0.207376163739745,0.701006645271209,-1.21504332189515,1.53290272756799,0.316597756550467,-2.42044113188561,3.05363664498654,27,1997,2016,3,7,73.4962962962963,0.430766953581063,Stilpnia_peruviana,0.144554234836003,0.172933786620516,50
M3,Pipra_fasciicauda,0.539605731154927,0.600557631670309,0.168754242419577,-0.37085148873535,0.207376163739745,0.63535377565445,-1.07653915786314,1.4140476427023,0.336168844494739,-2.14453230664504,2.81686999563451,119,2002,2016,3,9,64.8949579831933,0.518019974035272,Pipra_fasciicauda,0.166149426187167,0.17090776513524,50
M3,Zonotrichia_capensis,0.581005998548663,0.539265575261273,0.210154509813313,-0.37085148873535,0.207376163739745,0.57776453443602,-0.922263977681287,1.34257299730791,0.418640726990717,-1.8372066458951,2.67448809987653,56,1997,2017,8,10,66.1642857142857,0.632729156630685,Zonotrichia_capensis,0.208342020382909,0.211824933729478,50
M3,Sicalis_flaveola,0.616824755628855,0.690138095203232,0.245973266893505,-0.37085148873535,0.207376163739745,0.720621695956009,-1.16644525718027,1.65839179096728,0.489993897176198,-2.32363079381268,3.30361858816508,113,2003,2017,8,9,56.3100884955752,0.870170710555181,Sicalis_flaveola,0.240642615072339,0.250813318126059,50
M3,Dysithamnus_mentalis,0.630961447133611,0.303701360497921,0.260109958398261,-0.37085148873535,0.207376163739745,0.367748615226875,-0.460677327446413,0.980897244242935,0.518155057334273,-0.917697609447588,1.95400772411613,266,1996,2018,25,43,58.3639097744361,0.887800456372492,Dysithamnus_mentalis,0.259645275270689,0.260529273500728,50
M3,Thamnophilus_torquatus,0.67410772443358,0.618971227530777,0.303256235698231,-0.37085148873535,0.207376163739745,0.652787714631341,-0.976207684979197,1.58272015637566,0.604105099100439,-1.94466583323223,3.1528760314331,50,1998,2016,12,15,66.686,0.905894939118314,Thamnophilus_torquatus,0.289505238912957,0.314488354105125,50
M3,Cyanerpes_cyaneus,0.685855430011341,0.693835375498007,0.315003941275992,-0.37085148873535,0.207376163739745,0.724163263856252,-1.10435605588226,1.73436393843425,0.627507252153998,-2.19994528074536,3.45495978505335,62,1999,2017,5,8,62.1548387096774,1.00958712978897,Cyanerpes_cyaneus,0.313080839950916,0.317518021848451,50
M3,Myrmoderus_squamosus,0.857266270281814,0.47111353464932,0.486414781546465,-0.37085148873535,0.207376163739745,0.514735427371753,-0.522466656102172,1.4952962191951,0.968968203187915,-1.04078575774236,2.97872216411819,72,2001,2017,14,16,60.2116666666667,1.60926985886663,Myrmoderus_squamosus,0.485771035484338,0.487053537463309,50
M3,Coryphospingus_pileatus,0.867662305774332,0.878286108014801,0.496810817038982,-0.37085148873535,0.207376163739745,0.902436774097839,-1.27196526019278,2.26558689427075,0.989677746182138,-2.53383313880381,4.51318863116809,13,1999,2012,2,5,62.4153846153846,1.58563109445006,Coryphospingus_pileatus,0.486677468533258,0.505304494584348,50
M3,Sporophila_caerulescens,0.8760120986355,0.606589488150581,0.50516060990015,-0.37085148873535,0.207376163739745,0.641057500861045,-0.751312091787497,1.7616333115878,1.00631104782637,-1.49665996024659,3.50928205589934,89,1997,2016,10,14,56.3898876404494,1.7845594129266,Sporophila_caerulescens,0.502867143703904,0.507802752254493,50
M3,Euphonia_chlorotica,0.959480720622365,0.885849414571519,0.588629231887015,-0.37085148873535,0.207376163739745,0.909798861802048,-1.194576537245,2.37183500101903,1.1725856836671,-2.37967003631068,4.72484140364488,21,1999,2017,7,8,58.8066666666667,1.99396726618371,Euphonia_chlorotica,0.58551325864105,0.59164239778683,50
M3,Thamnophilus_pelzelni,1.00048186973737,0.966340015431551,0.629630381002025,-0.37085148873535,0.207376163739745,0.988340790466284,-1.30751756831189,2.56677833031594,1.25426249797011,-2.60465552624819,5.11318052218841,44,2005,2017,5,6,68.1363636363636,1.8408122051596,Thamnophilus_pelzelni,0.626179620810338,0.633575692314182,50
M3,Microspingus_cabanisi,1.0922283702675,0.556182128008651,0.721376881532151,-0.37085148873535,0.207376163739745,0.593584891652374,-0.442049506106501,1.8848032691708,1.43702717770459,-0.880589842048633,3.75464419745781,41,2002,2016,3,3,66.0073170731707,2.17707254502044,Microspingus_cabanisi,0.718365119299293,0.724222008227166,50
M3,Myiobius_barbatus,1.10389649211678,0.637549661744084,0.733045003381428,-0.37085148873535,0.207376163739745,0.670428439425823,-0.580994737893185,2.04708474465604,1.46027079506944,-1.15737730142195,4.07791889156082,25,1995,2017,7,8,62.236,2.3463442301392,Myiobius_barbatus,0.731436119789061,0.734672716955455,50
M3,Turdus_leucomelas,1.33427780158886,1.00238290535019,0.963426312853514,-0.37085148873535,0.207376163739745,1.02360987824585,-1.04284904850836,2.96970167421538,1.91920455275155,-2.07741953383224,5.91582863933535,106,2010,2017,4,5,117.901886792453,1.62779799794892,Turdus_leucomelas,0.946434489034469,0.975616468681222,50
M3,Knipolegus_cyanirostris,1.49226105279594,0.585264734537263,1.12140956406059,-0.37085148873535,0.207376163739745,0.620918233042461,-0.0955901727026334,2.33840930082382,2.23391691936429,-0.190421511434363,4.65825535016295,47,2002,2017,7,10,72.8851063829787,3.0649840965122,Knipolegus_cyanirostris,1.11774465487841,1.12560203922967,50
M3,Pyrrhocoma_ruficeps,2.12982609849761,1.16969559099869,1.75897460976226,-0.37085148873535,0.207376163739745,1.18793641104051,-0.569380755877138,4.08732997540166,3.50398575811309,-1.13424153393937,8.14221305016554,39,2010,2017,4,4,62.1538461538462,5.63760084844927,Thlypopsis_pyrrhocoma,1.74369272473414,1.77008772961614,50
M3,Chiroxiphia_pareola,2.17448082387154,0.598485564708849,1.80362933513619,-0.37085148873535,0.207376163739745,0.633393593755214,0.562177891375974,3.04508077889641,3.5929407213481,1.11989298422773,6.06598845846847,126,2006,2017,7,9,67.7192063492064,5.30564505263167,Chiroxiphia_pareola,1.7958275439676,1.82682498888532,50
M3,Drymophila_malura,2.97740458144724,1.01865974873635,2.60655309271189,-0.37085148873535,0.207376163739745,1.03955399285498,0.569027266716132,4.64407891870766,5.19241429861375,1.13353736175921,9.2512912354683,25,1999,2017,4,4,55.76,9.31207729306627,Drymophila_malura,2.59711285708881,2.61658204461909,50
M3_cc,Molothrus_bonariensis,-3.34728622707388,1.10139162086083,-3.63240464908832,-0.285118422014445,0.18503623406115,1.11682252019422,-5.82137678866898,-1.44343250950766,-7.23597378124152,-11.5965411023546,-2.87540646012842,26,1998,2014,5,5,104.657692307692,-6.91394356371613,Molothrus_bonariensis,-3.69275212232913,-3.5655326055353,50
M3_cc,Pyriglena_pernambucensis,-2.36228735046078,0.957356571574875,-2.64740577247523,-0.285118422014445,0.18503623406115,0.975073567471627,-4.55854996471962,-0.736261580230841,-5.27379535282398,-9.08091229138512,-1.46667841426284,39,2007,2017,3,2,75.625641025641,-6.97355457924104,Pyriglena_leuconota,-2.66710245525947,-2.62610162280114,50
M3_cc,Arremon_taciturnus,-1.76252280101957,0.624486832055188,-2.04764122303402,-0.285118422014445,0.18503623406115,0.651322730484736,-3.3242337747841,-0.771048671283933,-4.07902743076332,-6.62207841934474,-1.53597644218189,114,2005,2017,7,9,71.2078947368421,-5.72833594622883,Arremon_taciturnus,-2.0567952490625,-2.03954013063334,50
M3_cc,Turdus_flavipes,-1.27252823302724,0.373541768866632,-1.55764665504169,-0.285118422014445,0.18503623406115,0.416859183800724,-2.37469065529111,-0.740602654792269,-3.10292807249574,-4.73053004283496,-1.47532610215653,111,1995,2017,12,23,109.264864864865,-2.83982236772392,Turdus_flavipes,-1.55911285079639,-1.5556950786737,50
M3_cc,Tangara_seledon,-1.24016754500226,0.600463762637144,-1.52528596701671,-0.285118422014445,0.18503623406115,0.628325493640676,-2.75680393455243,-0.293767999480982,-3.03846358885115,-5.49172322952828,-0.585203948174022,43,2003,2017,6,7,70.3476744186047,-4.31920971654406,Tangara_seledon,-1.53370789007874,-1.5169099005534,50
M3_cc,Stephanophorus_diadematus,-1.01625078856165,0.550337947922063,-1.30136921057609,-0.285118422014445,0.18503623406115,0.580611600027039,-2.43936794662909,-0.163370474523094,-2.59240761896035,-4.8593711906627,-0.325444047258004,29,2001,2017,5,5,92.3413793103448,-2.80741704133277,Stephanophorus_diadematus,-1.30356761425587,-1.29902101884121,50
M3_cc,Turdus_nigriceps,-0.972467284693892,0.966614557505109,-1.25758570670834,-0.285118422014445,0.18503623406115,0.984165677902242,-3.18655043539673,0.671379021980057,-2.5051881826243,-6.34780472735097,1.33742836210238,28,2006,2017,7,8,107.25,-2.33583979731869,Turdus_nigriceps,-1.26791812987611,-1.22246784467008,50
M3_cc,Tiaris_fuliginosus,-0.950970072319917,0.703823952357108,-1.23608849433436,-0.285118422014445,0.18503623406115,0.727740467591722,-2.66245981081414,0.190282822145412,-2.46236441155933,-5.30378392437519,0.379055101256526,26,2002,2016,10,12,54.6615384615385,-4.50474772731091,Asemospiza_fuliginosa,-1.2411684559815,-1.23007868867618,50
M3_cc,Turdus_amaurochalinus,-0.918722125456929,0.47353561639675,-1.20384054747137,-0.285118422014445,0.18503623406115,0.50840337395001,-2.20031116041339,-0.207369934529356,-2.39812451525317,-4.38315534898361,-0.413093681522733,90,2001,2017,10,11,110.96,-2.16125136558505,Turdus_amaurochalinus,-1.20530382193234,-1.20045167098649,50
M3_cc,Taraba_major,-0.862259020459271,0.713798328228875,-1.14737744247372,-0.285118422014445,0.18503623406115,0.737391998984331,-2.592665760483,0.297910875535573,-2.28564653252812,-5.16474987749127,0.593456812435022,41,1999,2017,7,16,90.9731707317073,-2.5124402218197,Taraba_major,-1.15843070071722,-1.14096257252826,50
M3_cc,Volatinia_jacarina,-0.82905604570797,0.578858162165824,-1.11417446772242,-0.285118422014445,0.18503623406115,0.607712068559643,-2.30529012209932,0.0769411866544845,-2.21950416184816,-4.59227990632938,0.153271582633062,78,1999,2018,13,16,50.3551282051282,-4.40770233531472,Volatinia_jacarina,-1.11862207509132,-1.10929403878073,50
M3_cc,Geothlypis_aequinoctialis,-0.520538575802567,0.332810063079032,-0.805656997817012,-0.285118422014445,0.18503623406115,0.380789167119377,-1.55200376537099,-0.0593102302630323,-1.60491836016696,-3.09168708872544,-0.118149631608476,336,1995,2017,14,18,56.0977678571429,-2.86093087385224,Geothlypis_aequinoctialis,-0.806630910139272,-0.804313829909908,50
M3_cc,Tachyphonus_rufus,-0.489382908720604,0.550887015243556,-0.774501330735049,-0.285118422014445,0.18503623406115,0.581132169183384,-1.91352038233448,0.364517720864385,-1.54285435245825,-3.81185045557046,0.726141750653967,551,2006,2017,7,7,86.5722323049002,-1.78215844894058,Tachyphonus_rufus,-0.776558645431362,-0.77163602250354,50
M3_cc,Conopophaga_melanops,-0.464733120881124,0.279322372570037,-0.749851542895569,-0.285118422014445,0.18503623406115,0.335051125771564,-1.40655174940783,-0.0931513363833046,-1.49375045689848,-2.80193771451893,-0.185563199278025,210,1995,2017,15,27,64.6607619047619,-2.31013432705697,Conopophaga_melanops,-0.750967504736627,-0.748955979487658,50
M3_cc,Passer_domesticus,-0.389793415415649,0.826183926411846,-0.674911837430094,-0.285118422014445,0.18503623406115,0.846650934272903,-2.33434766860498,0.984523993744797,-1.3444659480654,-4.6501643286266,1.9612324324958,10,2002,2018,4,4,75.1,-1.79023428504048,Passer_domesticus,-0.678164344692949,-0.66979287716437,50
M3_cc,Antilophia_galeata,-0.375790863452991,0.742534009157767,-0.660909285467436,-0.285118422014445,0.18503623406115,0.765246355850034,-2.1607921429335,0.83897357199863,-1.31657200213686,-4.30443103218243,1.67128702790872,60,2007,2017,5,9,79.8616666666667,-1.64856564743643,Chiroxiphia_galeata,-0.711155961102743,-0.637268713883346,50
M3_cc,Tangara_sayaca,-0.374301535450434,0.91024759162366,-0.659419957464879,-0.285118422014445,0.18503623406115,0.928863368082859,-2.47999215890728,1.16115224397753,-1.31360516902786,-4.94029712357119,2.31308678551546,27,2003,2016,6,7,88.3444444444445,-1.48691315825063,Thraupis_sayaca,-0.665490080646826,-0.652402905570961,50
M3_cc,Ilicura_militaris,-0.341273991750019,0.608299144170091,-0.626392413764464,-0.285118422014445,0.18503623406115,0.635819107047132,-1.87259786357684,0.619813036047915,-1.24781226780608,-3.73033027778218,1.23470574217002,22,2002,2017,9,12,59.0409090909091,-2.11347062065854,Ilicura_militaris,-0.628583391681412,-0.624323961196349,50
M3_cc,Formicivora_grisea,-0.337942766742793,0.742969749691995,-0.623061188757238,-0.285118422014445,0.18503623406115,0.765664393463095,-2.1237633999449,0.877641022430428,-1.24117626242112,-4.23066749554422,1.74831497070198,78,2006,2017,6,10,53.9461538461539,-2.30076877391624,Formicivora_grisea,-0.626217805185768,-0.619876573845002,50
M3_cc,Thamnophilus_ambiguus,-0.327914324866338,0.559496215223589,-0.613032746880783,-0.285118422014445,0.18503623406115,0.589299515171706,-1.76805979661733,0.541994302855761,-1.22119898855023,-3.52208400988618,1.07968603278572,63,1995,2016,4,13,68.5619047619048,-1.78116257532677,Thamnophilus_ambiguus,-0.614470109788771,-0.611584934105786,50
M3_cc,Thamnophilus_caerulescens,-0.314161471762376,0.352683244779425,-0.599279893776821,-0.285118422014445,0.18503623406115,0.398275372319908,-1.37989962352384,0.181339835970199,-1.19380245812719,-2.74884503825025,0.361240121995861,177,1998,2017,21,30,68.6299435028249,-1.73947754754899,Thamnophilus_caerulescens,-0.600337674576126,-0.598159066480573,50
M3_cc,Habia_rubica,-0.291407713016216,0.31728762719738,-0.576526135030662,-0.285118422014445,0.18503623406115,0.367300384128661,-1.29643488792284,0.143382617861513,-1.14847556929799,-2.58257814432952,0.285627005733539,224,1995,2018,24,40,92.1500892857143,-1.2463097737617,Habia_rubica,-0.577027311358803,-0.575832589282856,50
M3_cc,Ceratopipra_rubrocapilla,-0.257760894183798,0.532179351229609,-0.542879316198244,-0.285118422014445,0.18503623406115,0.563429850564083,-1.64720182330385,0.56144319090736,-1.08144903387202,-3.281327483388,1.11842941564395,121,1995,2017,7,11,62.3086776859504,-1.73563149473781,Ceratopipra_rubrocapilla,-0.548118611526058,-0.541073738801341,50
M3_cc,Dacnis_cayana,-0.246950737912755,0.583499214834979,-0.5320691599272,-0.285118422014445,0.18503623406115,0.612135273735255,-1.7318542964483,0.6677159765939,-1.05991453678123,-3.44996042364818,1.33013135008573,85,2001,2016,15,20,64.1694117647059,-1.65174419966273,Dacnis_cayana,-0.53364631492812,-0.530501099177717,50
M3_cc,Machaeropterus_regulus,-0.194327813625063,0.83193696577153,-0.479446235639508,-0.285118422014445,0.18503623406115,0.852265835442682,-2.14988727310717,1.19099480182815,-0.955086430547642,-4.28270785985607,2.37253499876078,31,2008,2017,3,6,52.5190322580645,-1.81855298828547,Machaeropterus_regulus,-0.48291480576571,-0.476189923446625,50
M3_cc,Chiroxiphia_caudata,-0.180670803379075,0.22924094174498,-0.46578922539352,-0.285118422014445,0.18503623406115,0.294600623587912,-1.04320644762583,0.111627996838786,-0.927880825000661,-2.0781314948865,0.222369844885178,567,1996,2018,22,50,74.421569664903,-1.24679018351617,Chiroxiphia_caudata,-0.466078960611736,-0.465446409548469,50
M3_cc,Trichothraupis_melanops,-0.136560704199621,0.235198471933276,-0.421679126214066,-0.285118422014445,0.18503623406115,0.299259719924782,-1.00822817726664,0.164869924838506,-0.840010790688652,-2.00845262601494,0.328431044637638,460,1995,2018,23,48,80.9915217391304,-1.03715891818193,Trichothraupis_melanops,-0.421953585122868,-0.421417539233136,50
M3_cc,Thamnophilus_doliatus,-0.107810770977516,0.870794057934086,-0.392929192991961,-0.285118422014445,0.18503623406115,0.890237411853391,-2.13779452022461,1.35193613424069,-0.782739152998228,-4.25861835131985,2.69314004532339,24,2007,2017,7,9,73.8125,-1.0604425442821,Thamnophilus_doliatus,-0.403789723817993,-0.385427833006121,50
M3_cc,Coereba_flaveola,-0.0958655739510883,0.870651907602094,-0.380983995965533,-0.285118422014445,0.18503623406115,0.890097801159251,-2.12557568623767,1.3636076943066,-0.758943584815403,-4.23427768145834,2.71639051182754,20,2003,2017,4,4,55.03,-1.37914516593749,Coereba_flaveola,-0.383868336638726,-0.377628573773473,50
M3_cc,Euphonia_violacea,-0.0683044406791515,0.422003240312968,-0.353422862693597,-0.285118422014445,0.18503623406115,0.460787094451976,-1.25656556781947,0.549719842432275,-0.704040109844052,-2.50315600312719,1.09507578343908,142,1995,2017,16,23,60.0283098591549,-1.17284679761257,Euphonia_violacea,-0.354101989104345,-0.353060103426798,50
M3_cc,Tangara_cayana,-0.0468823123285413,0.582117035358126,-0.332000734342986,-0.285118422014445,0.18503623406115,0.610816411280818,-1.52920090045339,0.865199431767417,-0.661365910778067,-3.04626237737827,1.72353055582213,267,2005,2017,11,12,72.1606367041199,-0.916518951308404,Stilpnia_cayana,-0.336332881495356,-0.327976180676734,50
M3_cc,Pyriglena_leucoptera,-0.0317340655601846,0.267654027859534,-0.31685248757463,-0.285118422014445,0.18503623406115,0.325386978444188,-0.954610965325238,0.320905990175979,-0.631189670233083,-1.90164383753687,0.639264497070703,336,1996,2017,21,39,77.6460714285714,-0.81290612470166,Pyriglena_leucoptera,-0.317168023621855,-0.316492582762324,50
M3_cc,Haplospiza_unicolor,-0.0285657241056197,0.327338949489764,-0.313684146120065,-0.285118422014445,0.18503623406115,0.376017790674445,-1.05067901584198,0.423310723601847,-0.624878138917042,-2.09301731100948,0.843261033175399,402,1998,2017,14,30,62.0753731343284,-1.00664419296334,Haplospiza_unicolor,-0.315361639696458,-0.312142004215945,50
M3_cc,Arremon_flavirostris,0.0247961264341875,0.865249399224451,-0.260322295580258,-0.285118422014445,0.18503623406115,0.884814640495173,-1.9945589909508,1.47391439979028,-0.518578046078684,-3.97328435511222,2.93612826295485,68,2010,2018,5,7,75.9617647058824,-0.682682989378374,Arremon_flavirostris,-0.268243416771629,-0.251815390531952,50
M3_cc,Polioptila_plumbea,0.0256987561610714,1.01022706251624,-0.259419665853374,-0.285118422014445,0.18503623406115,1.02703304794787,-2.2724044398312,1.75356510812445,-0.516779952069653,-4.526769601818,3.49320969767869,11,2006,2013,3,4,49.8181818181818,-1.03733202057777,Polioptila_plumbea,-0.260482872699808,-0.258518845703856,50
M3_cc,Rhopias_gularis,0.0356505008213669,0.537058276110364,-0.249467921193078,-0.285118422014445,0.18503623406115,0.568040152073824,-1.36282661925777,0.863890776871616,-0.496955463777144,-2.71483456222376,1.72092363466948,64,2001,2017,11,16,53.23515625,-0.933509918602228,Rhopias_gularis,-0.251192976391897,-0.246985262912048,50
M3_cc,Pachyramphus_polychopterus,0.0712049876422269,0.690745368790939,-0.213913434372218,-0.285118422014445,0.18503623406115,0.715099320574425,-1.61550810269809,1.18768123395366,-0.426128736224691,-3.21819163992111,2.36593416747173,30,2000,2016,11,16,75.32,-0.565757748572347,Pachyramphus_polychopterus,-0.21477918251316,-0.212300369300314,50
M3_cc,Herpsilochmus_atricapillus,0.0764558867341384,1.00111536375957,-0.208662535280307,-0.285118422014445,0.18503623406115,1.0180720860371,-2.20408382391301,1.7867587533524,-0.41566862183007,-4.39067072703368,3.55933348337353,33,2008,2013,3,3,50.2575757575758,-0.827076546300411,Herpsilochmus_atricapillus,-0.210505142616055,-0.206374933931109,50
M3_cc,Myrmotherula_unicolor,0.0905099908867477,0.481796091014419,-0.194608431127697,-0.285118422014445,0.18503623406115,0.516106061971323,-1.20617631259149,0.816959450336096,-0.387671980764037,-2.40277750323251,1.62743354170444,39,1996,2017,10,13,47.7646153846154,-0.81163006891688,Myrmotherula_unicolor,-0.195416975432157,-0.19378539838664,50
M3_cc,Tachyphonus_coronatus,0.0915328215044021,0.256370547162388,-0.193585600510043,-0.285118422014445,0.18503623406115,0.316170567694012,-0.813279913190307,0.426108712170221,-0.385634439177403,-1.62010367708687,0.848834798732066,452,1996,2017,25,56,81.943296460177,-0.470611332270255,Tachyphonus_coronatus,-0.193889182791312,-0.193089621852387,50
M3_cc,Tachyphonus_cristatus,0.100813867854706,0.532832525539964,-0.18430455415974,-0.285118422014445,0.18503623406115,0.564046731691673,-1.28983614827542,0.921227039955938,-0.367146023226791,-2.56943304853466,1.83514100208108,48,1996,2017,9,10,74.515625,-0.492710117142265,Loriotus_cristatus,-0.186175155763126,-0.183342480917365,50
M3_cc,Conopophaga_lineata,0.127505511262218,0.309886910988857,-0.157612910752228,-0.285118422014445,0.18503623406115,0.360926168441721,-0.865028200898,0.549802379393545,-0.313974625617364,-1.72318945338412,1.09524020214939,334,1999,2018,21,36,70.6868263473054,-0.444177001347767,Conopophaga_lineata,-0.158555918947287,-0.156397186687434,50
M3_cc,Turdus_rufiventris,0.131684470508696,0.554885407390819,-0.153433951505749,-0.285118422014445,0.18503623406115,0.584924626627281,-1.29988621969522,0.993018316683722,-0.305649881415755,-2.58945340978806,1.97815364695655,44,2001,2017,7,9,110.004545454545,-0.277852047070229,Turdus_rufiventris,-0.156996574484744,-0.150047293913139,50
M3_cc,Platyrinchus_mystaceus,0.177585610954894,0.344211609547137,-0.107532811059551,-0.285118422014445,0.18503623406115,0.390793826196048,-0.873488710403805,0.658423088284703,-0.214211982589935,-1.74004330940353,1.31161934422366,226,1996,2017,19,31,53.629203539823,-0.39943159407704,Platyrinchus_mystaceus,-0.108197289613217,-0.10698864662679,50
M3_cc,Manacus_manacus,0.180750160109713,0.298347163448856,-0.104368261904732,-0.285118422014445,0.18503623406115,0.351068422450017,-0.792462369906764,0.5837258460973,-0.207908005768557,-1.57863384871096,1.16281783717384,291,1996,2017,21,31,52.4047766323024,-0.396734838175806,Manacus_manacus,-0.105077509494212,-0.103829149464165,50
M3_cc,Formicivora_rufa,0.207360676816264,0.7067297629895,-0.0777577451981815,-0.285118422014445,0.18503623406115,0.730551364767623,-1.50963842014272,1.35412292974636,-0.15489821754405,-3.0072927117438,2.6974962766557,38,1999,2012,2,3,49.7236842105263,-0.31151798182979,Formicivora_rufa,-0.08066014824589,-0.0751867767787834,50
M3_cc,Coryphospingus_cucullatus,0.257953261563113,0.547296734081177,-0.0271651604513323,-0.285118422014445,0.18503623406115,0.577729661696038,-1.15951529737557,1.1051849764729,-0.0541146727246906,-2.30982588706461,2.20159654161523,76,2002,2017,12,17,62.071052631579,-0.0871818189484989,Coryphospingus_cucullatus,-0.0290653277279105,-0.0246766823229354,50
M3_cc,Myrmotherula_axillaris,0.262225243716094,0.443166484756741,-0.0228931782983512,-0.285118422014445,0.18503623406115,0.480244364007217,-0.964172131752497,0.918385775155795,-0.0456046211640361,-1.92069026993341,1.82948102760534,94,1995,2017,9,15,51.1395744680851,-0.0891767709027317,Myrmotherula_axillaris,-0.0239545444367756,-0.022046638690313,50
M3_cc,Myiothlypis_leucoblephara,0.285048779805032,0.645093007212813,-6.96422094134054e-05,-0.285118422014445,0.18503623406115,0.671106564126192,-1.31543850789675,1.31529922347792,-0.000138731570423909,-2.62043452575289,2.62015706261204,28,2002,2017,4,5,64.8642857142857,-0.000213879747377462,Myiothlypis_leucoblephara,-0.00448591404188603,0.00296329526612354,50
M3_cc,Tangara_peruviana,0.310412843851939,0.765430482895501,0.0252944218374942,-0.285118422014445,0.18503623406115,0.787480891154097,-1.51816812482454,1.56875696849953,0.0503880461868995,-3.02428440881556,3.12506050118935,20,1998,2016,3,6,73.91,0.0681748696886748,Stilpnia_peruviana,0.0129902420335516,0.0357271861794516,50
M3_cc,Drymophila_squamata,0.317795109575575,0.40198631417184,0.0326766875611296,-0.285118422014445,0.18503623406115,0.442528243557125,-0.834678669810836,0.900032044933095,0.0650939741830524,-1.66273131822707,1.79291926659317,56,1995,2017,8,11,52.9035714285714,0.123042683934751,Drymophila_squamata,0.031801780153574,0.0335763751147565,50
M3_cc,Euphonia_pectoralis,0.346361439852197,0.483236033861691,0.0612430178377516,-0.285118422014445,0.18503623406115,0.517450641341195,-0.95296023919099,1.07544627486649,0.121999863497945,-1.89835548940902,2.14235521640491,62,2001,2017,9,13,62.2387096774194,0.19601926860352,Euphonia_pectoralis,0.0599852033636114,0.0622825991188503,50
M3_cc,Conopophaga_cearae,0.367921922756154,0.744077891246781,0.0828035007417087,-0.285118422014445,0.18503623406115,0.76674024131634,-1.42000737223832,1.58561437372173,0.164949673355472,-2.82874214393075,3.1586414906417,51,2008,2017,1,2,69.0098039215686,0.239023535761588,Conopophaga_cearae,0.0789274851041962,0.0864007722038684,50
M3_cc,Zonotrichia_capensis,0.406960111134368,0.539649731792022,0.121841689119923,-0.285118422014445,0.18503623406115,0.570491198870759,-0.996321060666764,1.24000443890661,0.24271614897179,-1.98473291638719,2.47016521433077,55,2002,2017,8,9,66.1709090909091,0.366801895736892,Zonotrichia_capensis,0.119384383183414,0.124366365435412,50
M3_cc,Sicalis_flaveola,0.412980343937415,0.653886696574016,0.12786192192297,-0.285118422014445,0.18503623406115,0.679563887540234,-1.20408329765589,1.45980714150183,0.254708823502352,-2.39860808857174,2.90802573557644,111,2003,2017,7,7,56.1715315315315,0.453448244257632,Sicalis_flaveola,0.121678084005093,0.133961969938592,50
M3_cc,Pipra_fasciicauda,0.458535729067817,0.567210914154832,0.173417307053372,-0.285118422014445,0.18503623406115,0.596629651404326,-0.995976809699107,1.34281142380585,0.345457956443992,-1.98404714725716,2.67496306014514,119,2002,2016,3,9,64.8949579831933,0.532334047482487,Pipra_fasciicauda,0.170733959050375,0.175813077787103,50
M3_cc,Thamnophilus_torquatus,0.476999923963555,0.593682868696359,0.19188150194911,-0.285118422014445,0.18503623406115,0.621851737743454,-1.02694790402806,1.41071090792628,0.382239769888381,-2.04574347467401,2.81022301445077,45,1998,2016,12,14,66.3844444444445,0.575797196296895,Thamnophilus_torquatus,0.178426287026463,0.202407245506227,50
M3_cc,Cyanerpes_cyaneus,0.504730724936459,0.717784808075776,0.219612302922014,-0.285118422014445,0.18503623406115,0.741251891194172,-1.23324140381856,1.67246600966259,0.437481233369912,-2.4566928318992,3.33165529863902,60,1999,2017,5,8,62.2266666666667,0.70304462187151,Cyanerpes_cyaneus,0.214806369976567,0.225238119497093,50
M3_cc,Dysithamnus_mentalis,0.593930232259146,0.284925161877907,0.3088118102447,-0.285118422014445,0.18503623406115,0.339735815046809,-0.357070387247046,0.974694007736446,0.615172145765539,-0.711306203406017,1.9416504949371,262,1996,2018,24,43,58.4,1.05337696192729,Dysithamnus_mentalis,0.308184994370281,0.309325721479064,50
M3_cc,Sporophila_caerulescens,0.595505986578299,0.63137527337347,0.310387564563854,-0.285118422014445,0.18503623406115,0.65793050139349,-0.979156218167387,1.59993134729509,0.618311145420199,-1.95053949294363,3.18716178378403,87,2002,2016,10,13,56.4413793103448,1.09549262079581,Sporophila_caerulescens,0.306775308869059,0.313962614768074,50
M3_cc,Ramphocelus_bresilius,0.66158390024886,0.408321272696686,0.376465478234415,-0.285118422014445,0.18503623406115,0.448290624743746,-0.502184146263328,1.25511510273216,0.749942419198941,-1.00038174894106,2.50026658733894,85,1995,2017,6,16,79.3170588235294,0.945499531024555,Ramphocelus_bresilius,0.374516023362283,0.377967656007198,50
M3_cc,Coryphospingus_pileatus,0.718370715801275,0.794190647493864,0.43325229378683,-0.285118422014445,0.18503623406115,0.815462192136984,-1.16505360280166,2.03155819037532,0.863065253286439,-2.32085853257832,4.04698903915119,13,1999,2012,2,5,62.4153846153846,1.38277647186637,Coryphospingus_pileatus,0.420981000260513,0.444053023216876,50
M3_cc,Thamnophilus_pelzelni,0.75109586710722,0.857433270948123,0.465977445092775,-0.285118422014445,0.18503623406115,0.877171965169549,-1.25327960663954,2.18523449682509,0.928255770234051,-2.49661016607401,4.35312170654211,44,2005,2017,5,6,68.1363636363636,1.36235002969641,Thamnophilus_pelzelni,0.458336183995336,0.473765180860629,50
M3_cc,Myrmoderus_squamosus,0.769869524069859,0.448942364310285,0.484751102055414,-0.285118422014445,0.18503623406115,0.48557963253021,-0.466984977703798,1.43648718181463,0.965654051175514,-0.930262837249269,2.8615709396003,70,2001,2017,14,16,60.1748571428572,1.60474672816093,Myrmoderus_squamosus,0.482684447446705,0.486603734342285,50
M3_cc,Microspingus_cabanisi,0.865990048269819,0.528198600815327,0.580871626255374,-0.285118422014445,0.18503623406115,0.559671556162846,-0.516084623823805,1.67782787633455,1.15713205545697,-1.02807235637368,3.34233646728761,41,2002,2016,3,3,66.0073170731707,1.75303603716275,Microspingus_cabanisi,0.576364197885363,0.585672514291484,50
M3_cc,Euphonia_chlorotica,0.973428217242322,0.867475643869838,0.688309795227877,-0.285118422014445,0.18503623406115,0.886991226101637,-1.05019300793133,2.42681259838709,1.37115550518049,-2.09204915331819,4.83436016367916,20,2000,2017,6,7,58.747,2.33400089396988,Euphonia_chlorotica,0.677781776730975,0.698233236236949,50
M3_cc,Myiobius_barbatus,0.983992274194064,0.601975897099374,0.698873852179619,-0.285118422014445,0.18503623406115,0.629772788909496,-0.535480814082993,1.93322851844223,1.39219975726995,-1.06671076198377,3.85111027652366,25,1995,2017,7,8,62.236,2.23696856685832,Myiobius_barbatus,0.694051500855515,0.703542244665572,50
M3_cc,Turdus_leucomelas,1.00140104222278,0.889132259944774,0.716282620208335,-0.285118422014445,0.18503623406115,0.908183147595426,-1.0637563490787,2.49632158949537,1.42687909539135,-2.11906816425163,4.97282635503434,106,2010,2017,4,5,117.901886792453,1.21022583625243,Turdus_leucomelas,0.698269271926499,0.730599084076901,50
M3_cc,Knipolegus_cyanirostris,1.23589591424716,0.558717827297124,0.950777492232714,-0.285118422014445,0.18503623406115,0.588561483370856,-0.202803015174163,2.10435799963959,1.89400732303247,-0.403996096890054,4.192010742955,47,2002,2017,7,10,72.8851063829787,2.59862050976548,Knipolegus_cyanirostris,0.944293091089543,0.957721686805875,50
M3_cc,Pyrrhocoma_ruficeps,1.53934186300581,1.0347882984467,1.25422344099137,-0.285118422014445,0.18503623406115,1.05120276971871,-0.806133987657304,3.31458086964004,2.49849034223372,-1.60586855330668,6.60284923777413,39,2010,2017,4,4,62.1538461538462,4.01984832290079,Thlypopsis_pyrrhocoma,1.2317411541221,1.27362891592354,50
M3_cc,Chiroxiphia_pareola,1.97564607439626,0.578575128196189,1.69052765238182,-0.285118422014445,0.18503623406115,0.607442609685969,0.499940137397316,2.88111516736632,3.36763520335456,0.995911545071174,5.73935886163795,126,2006,2017,7,9,67.7192063492064,4.9729395616197,Chiroxiphia_pareola,1.67848156598621,1.71601896357827,50
M3_cc,Drymophila_malura,2.74166556105366,1.14795150082396,2.45654713903921,-0.285118422014445,0.18503623406115,1.16277018646243,0.177517573572854,4.73557670450558,4.89359320001229,0.353625939886729,9.43356046013784,24,2005,2017,4,4,55.7916666666667,8.77119020166504,Drymophila_malura,2.42514669267659,2.48805283697927,50
M0,Tiaris_fuliginosus,-6.25413547580843,0.711468684401596,-7.1762622750338,-0.922126799225371,0.243882504359074,0.75210775480569,-8.65039347445295,-5.70213107561465,-14.2955564387602,-17.2321165799285,-11.358996297592,29,1997,2016,11,13,58.5,-24.4368486132654,Asemospiza_fuliginosa,-7.18157028869834,-7.17147937395351,50
M0,Sicalis_flaveola,-5.63668124244895,0.692758302174405,-6.55880804167432,-0.922126799225371,0.243882504359074,0.734434195233951,-7.99829906433286,-5.11931701901577,-13.0655495768245,-15.9331043523928,-10.1979948012562,113,2003,2017,8,9,56.3100884955752,-23.2028574734902,Sicalis_flaveola,-6.56420645772862,-6.55237835471279,50
M0,Stephanophorus_diadematus,-4.03251620091152,0.647999215259205,-4.95464300013689,-0.922126799225371,0.243882504359074,0.692373549887634,-6.31169515791665,-3.59759084235713,-9.86995401335602,-12.5732854926658,-7.16662253404626,29,2001,2017,5,5,92.3413793103448,-10.6885494748618,Stephanophorus_diadematus,-4.95658136426553,-4.95281517493179,50
M0,Molothrus_bonariensis,-3.93673341729276,1.03783071919544,-4.85886021651813,-0.922126799225371,0.243882504359074,1.06611008097199,-6.94843597522324,-2.76928445781303,-9.67914880911381,-13.8417124176872,-5.51658520054038,30,1998,2014,5,5,104.37,-9.27388024251587,Molothrus_bonariensis,-4.91203444326098,-4.7982981646978,50
M0,Pyriglena_pernambucensis,-3.8605117873603,1.14004999420107,-4.78263858658567,-0.922126799225371,0.243882504359074,1.16584638160996,-7.06769749454119,-2.49757967863014,-9.5273106277886,-14.0792887095005,-4.97533254607667,39,2007,2017,3,2,75.625641025641,-12.5979899126519,Pyriglena_leuconota,-4.80470549425984,-4.77119214296416,50
M0,Turdus_rufiventris,-2.20882844806035,0.607529070743551,-3.13095524728572,-0.922126799225371,0.243882504359074,0.654652211297832,-4.41407358142947,-1.84783691314197,-6.23705568851924,-8.7931064375526,-3.68100493948587,44,2001,2017,7,9,110.004545454545,-5.66981633599534,Turdus_rufiventris,-3.13211559740897,-3.12993237224733,50
M0,Haplospiza_unicolor,-2.18304129276683,0.378783334989953,-3.1051680919922,-0.922126799225371,0.243882504359074,0.450504654906725,-3.98815721560938,-2.22217896837502,-6.18568608694041,-7.94465480459663,-4.4267173692842,402,1998,2017,14,30,62.0753731343284,-9.9647988801531,Haplospiza_unicolor,-3.10551764440816,-3.10473959455437,50
M0,Passer_domesticus,-1.94636252250626,1.08595606837275,-2.86848932173163,-0.922126799225371,0.243882504359074,1.11300493875215,-5.04997900168585,-0.686999641777417,-5.71420739950624,-10.0598692001978,-1.36854559881465,10,2002,2018,4,4,75.1,-7.60879813516144,Passer_domesticus,-2.87499514789359,-2.85900809983986,50
M0,Arremon_taciturnus,-1.59658986796063,0.695569040756247,-2.51871666718601,-0.922126799225371,0.243882504359074,0.73708492900238,-3.96340312803067,-1.07403020634134,-5.01743872910972,-7.89534313753248,-2.13953432068696,114,2005,2017,7,9,71.2078947368421,-7.04618321838093,Arremon_taciturnus,-2.52316657045732,-2.5152724861597,50
M0,Turdus_flavipes,-1.42079330518645,0.410341050397865,-2.34292010441182,-0.922126799225371,0.243882504359074,0.477344122740021,-3.27851458498226,-1.40732562384137,-4.6672411487312,-6.53100297740884,-2.80347932005357,119,1995,2017,12,24,109.306722689076,-4.26985736458976,Turdus_flavipes,-2.34333529030351,-2.34263612498282,50
M0,Coereba_flaveola,-1.3375422029501,1.2190881558637,-2.25966900217548,-0.922126799225371,0.243882504359074,1.243243793582,-4.6964268375962,0.177088833245247,-4.50139982563059,-9.35557151400915,0.352771862747967,21,2003,2017,4,4,54.8476190476191,-8.20710160950186,Coereba_flaveola,-2.26398226180174,-2.25546948035527,50
M0,Tangara_seledon,-1.24755151620632,0.718868285165969,-2.16967831543169,-0.922126799225371,0.243882504359074,0.759110895990231,-3.65753567157254,-0.681820959290833,-4.32213283509929,-7.28603632585291,-1.35822934434567,43,2003,2017,6,7,70.3476744186047,-6.14395979798904,Tangara_seledon,-2.17504488335394,-2.16509481489173,50
M0,Tangara_sayaca,-1.2281364143774,1.33451804665646,-2.15026321360278,-0.922126799225371,0.243882504359074,1.35661971583565,-4.80923785664064,0.508711429435093,-4.28345675647755,-9.58029801199049,1.0133844990354,27,2003,2016,6,7,88.3444444444445,-4.84858644300062,Thraupis_sayaca,-2.16043375823571,-2.13779679310096,50
M0,Taraba_major,-1.0832359765723,0.878366962778949,-2.00536277579767,-0.922126799225371,0.243882504359074,0.911596001232867,-3.79209093821409,-0.218634613381256,-3.99480615993366,-7.55407870427862,-0.435533615588701,41,1999,2017,7,16,90.9731707317073,-4.39119152141559,Taraba_major,-2.01365200779183,-2.00175666169191,50
M0,Antilophia_galeata,-0.819596154744892,0.893722569862767,-1.74172295397026,-0.922126799225371,0.243882504359074,0.926411030444618,-3.55748857364172,0.0740426657011888,-3.46961939724379,-7.08673634486141,0.147497550373828,60,2007,2017,5,9,79.8616666666667,-4.34453667455449,Chiroxiphia_galeata,-1.82917370228856,-1.70059515661812,50
M0,Thamnophilus_doliatus,-0.638298021360752,1.17136888423839,-1.56042482058612,-0.922126799225371,0.243882504359074,1.19648951235545,-3.90554426480281,0.784694623630565,-3.10846234936782,-7.78008471844795,1.5631600197123,24,2007,2017,7,9,73.8125,-4.21129530820366,Thamnophilus_doliatus,-1.57678446572311,-1.54600654214012,50
M0,Turdus_nigriceps,-0.497357090909601,1.03788028227007,-1.41948389013497,-0.922126799225371,0.243882504359074,1.06614944635541,-3.50913680499157,0.670169024721631,-2.82769933533956,-6.99041664371883,1.33501797303971,29,1997,2017,8,9,107.137931034483,-2.6393073937833,Turdus_nigriceps,-1.42493427879074,-1.39105441924744,50
M0,Volatinia_jacarina,-0.413035994318277,0.660158838511947,-1.33516279354365,-0.922126799225371,0.243882504359074,0.703766619653733,-2.71454536806496,0.0442197809776694,-2.65972651758274,-5.40754156237484,0.08808852720937,79,1999,2018,13,16,50.3253164556962,-5.28506665213764,Volatinia_jacarina,-1.33624525054372,-1.3342677392428,50
M0,Ilicura_militaris,-0.395434194577357,0.73919553668228,-1.31756099380273,-0.922126799225371,0.243882504359074,0.778388080327705,-2.84320163124503,0.208079643639574,-2.62466264840177,-5.6638327625849,0.414507465781362,22,2002,2017,9,12,59.0409090909091,-4.44549836514273,Ilicura_militaris,-1.31830240421784,-1.31669157673372,50
M0,Machaeropterus_regulus,-0.351808987791924,1.09382238184295,-1.2739357870173,-0.922126799225371,0.243882504359074,1.1206807222905,-3.47047000270667,0.922598428672082,-2.53775854960324,-6.91338999207411,1.83787289286764,31,2008,2017,3,6,52.5190322580645,-4.832074089129,Machaeropterus_regulus,-1.27765564117981,-1.2687949158721,50
M0,Conopophaga_melanops,-0.258636776047559,0.337446357257511,-1.18076357527293,-0.922126799225371,0.243882504359074,0.416350513910261,-1.99681058253704,-0.364716568008819,-2.35215376532026,-3.97776966422782,-0.726537866412701,215,1995,2017,16,27,64.6128372093023,-3.64038148905435,Conopophaga_melanops,-1.18136432073302,-1.18039288122357,50
M0,Formicivora_grisea,-0.204901624490029,0.955067102300619,-1.1270284237154,-0.922126799225371,0.243882504359074,0.985713587841944,-3.05902705588561,0.804970208454812,-2.24511003386294,-6.09377030118389,1.60355023345801,79,2006,2017,6,10,53.9417721518987,-4.16209913819807,Formicivora_grisea,-1.12866647911482,-1.1252329054144,50
M0,Tachyphonus_rufus,-0.172119702543202,0.653727874386424,-1.09424650176857,-0.922126799225371,0.243882504359074,0.697737455316967,-2.46181191418983,0.273318910652682,-2.17980642630218,-4.90408095637047,0.544468103766105,551,2006,2017,7,7,86.5722323049002,-2.51790483884612,Tachyphonus_rufus,-1.09610401400377,-1.09239289773079,50
M0,Pyrrhocoma_ruficeps,-0.117919456699867,1.40211666611687,-1.04004625592524,-0.922126799225371,0.243882504359074,1.42316938627819,-3.82945825303048,1.74936574118001,-2.07183619838232,-7.62851669685047,3.48484430008582,39,2010,2017,4,4,62.1538461538462,-3.33339982412998,Thlypopsis_pyrrhocoma,-1.05084484222883,-1.03081427690771,50
M0,Ceratopipra_rubrocapilla,-0.0823128834061158,0.582315327862472,-1.00443968263149,-0.922126799225371,0.243882504359074,0.631323186791519,-2.24183312874286,0.23295376347989,-2.00090571136786,-4.46586966723915,0.464058244503429,121,1995,2017,7,11,62.3086776859504,-3.2112793685863,Ceratopipra_rubrocapilla,-1.01113111235012,-1.00076172026971,50
M0,Formicivora_rufa,0.062780909993158,0.791829651838283,-0.859345889232213,-0.922126799225371,0.243882504359074,0.82853612170387,-2.4832766877718,0.764584909307372,-1.71186993857159,-4.94684010736385,1.52310023022067,40,1999,2012,2,3,49.8375,-3.43490331291013,Formicivora_rufa,-0.864003538233272,-0.85494315849829,50
M0,Polioptila_plumbea,0.0837764563633997,1.6323945643962,-0.838350342861971,-0.922126799225371,0.243882504359074,1.65051196511325,-4.07335379448395,2.39665310876,-1.67004551708373,-8.11437163698273,4.77428060281527,11,2006,2013,3,4,49.8181818181818,-3.35228114743085,Polioptila_plumbea,-0.841095469575608,-0.834553237093403,50
M0,Chiroxiphia_caudata,0.0939184547654296,0.290139664959822,-0.828208344459941,-0.922126799225371,0.243882504359074,0.37902322812104,-1.57109387157718,-0.0853228173427032,-1.64984203161994,-3.1297157560502,-0.169968307189678,576,1996,2018,23,51,74.43234375,-2.21656600947748,Chiroxiphia_caudata,-0.828328706955887,-0.828015643450519,50
M0,Rhopias_gularis,0.119826782505066,0.635301439129031,-0.802300016720305,-0.922126799225371,0.243882504359074,0.680503458277763,-2.13608679494472,0.53148676150411,-1.59823104706543,-4.2552164573833,1.05875436325244,64,2001,2017,11,16,53.23515625,-3.002209741923,Rhopias_gularis,-0.804507022498966,-0.798923746203427,50
M0,Thamnophilus_ambiguus,0.155865909400753,0.646493260468072,-0.766260889824618,-0.922126799225371,0.243882504359074,0.690963985720832,-2.12055030183745,0.588028522188211,-1.52643888663488,-4.22426680621905,1.1713890329493,70,1995,2016,4,14,68.4757142857143,-2.22916825703464,Thamnophilus_ambiguus,-0.766868281672602,-0.765788550259629,50
M0,Pipra_fasciicauda,0.161560899662756,0.494845729162284,-0.760565899562615,-0.922126799225371,0.243882504359074,0.551679198840466,-1.84185712928993,0.320725330164699,-1.5150941152778,-3.66909284175697,0.638904611201361,119,2002,2016,3,9,64.8949579831933,-2.33468695005579,Pipra_fasciicauda,-0.761659578886712,-0.757716310324768,50
M0,Trichothraupis_melanops,0.193329582796614,0.299021026562914,-0.728797216428757,-0.922126799225371,0.243882504359074,0.385864139036293,-1.48509092893989,0.0274964960823764,-1.45180894183798,-2.9583925973847,0.0547747137087335,463,1995,2018,23,48,80.9872570194385,-1.792638737585,Trichothraupis_melanops,-0.728853410600127,-0.728690253283895,50
M0,Dacnis_cayana,0.200843061821565,0.576516661145995,-0.721283737403806,-0.922126799225371,0.243882504359074,0.625978639987279,-1.94820187177887,0.50563439697126,-1.43684162886417,-3.88093811858096,1.00725486085263,90,1997,2016,15,21,64.0777777777778,-2.24233997915337,Dacnis_cayana,-0.722749847372573,-0.720292853721153,50
M0,Turdus_amaurochalinus,0.220362707406478,0.493382236610243,-0.701764091818893,-0.922126799225371,0.243882504359074,0.550366936077585,-1.78048328653096,0.376955102893174,-1.3979572926416,-3.54683236695844,0.750917781675233,90,2001,2017,10,11,110.96,-1.25987499336842,Turdus_amaurochalinus,-0.702615635400218,-0.699759373109015,50
M0,Herpsilochmus_atricapillus,0.25050135082865,1.60975886315025,-0.671625448396721,-0.922126799225371,0.243882504359074,1.62812855659747,-3.86275741932775,2.51950652253431,-1.33791925870181,-7.69485068701446,5.01901216961084,33,2008,2013,3,3,50.2575757575758,-2.66212454248777,Herpsilochmus_atricapillus,-0.676630407610796,-0.668148183714582,50
M0,Habia_rubica,0.31161238342151,0.379409020069106,-0.610514415803861,-0.922126799225371,0.243882504359074,0.451030689671782,-1.49453456756055,0.273505735952831,-1.21618231794068,-2.97720490715195,0.544840271270595,225,1995,2018,24,40,92.1494222222222,-1.31979375302842,Habia_rubica,-0.610907271454725,-0.610021420643743,50
M0,Pyriglena_leucoptera,0.345749593323186,0.330983564842332,-0.576377205902185,-0.922126799225371,0.243882504359074,0.41112985393157,-1.38219171960806,0.229437307803692,-1.1481788933015,-2.7534110348205,0.457053248217496,341,1996,2017,22,40,77.6395307917889,-1.47885861956153,Pyriglena_leucoptera,-0.576731038804239,-0.576189336766108,50
M0,Ramphocelus_bresilius,0.441348902067905,0.431910318218234,-0.480777897157466,-0.922126799225371,0.243882504359074,0.496008357963953,-1.45295427876681,0.491398484451882,-0.957739182308614,-2.89437441093962,0.978896046322393,96,1995,2017,7,17,79.6432291666667,-1.20253685382895,Ramphocelus_bresilius,-0.483372592770684,-0.478621821578721,50
M0,Tachyphonus_cristatus,0.45055797406775,0.602951445211006,-0.471568825157621,-0.922126799225371,0.243882504359074,0.650406369552354,-1.74636530948023,0.803227659164992,-0.939394143697024,-3.47886725534291,1.60007896794886,50,1996,2017,9,11,74.359,-1.26332272313644,Loriotus_cristatus,-0.474265116134425,-0.46997784446306,50
M0,Thamnophilus_torquatus,0.465643124429602,0.700028766856898,-0.456483674795769,-0.922126799225371,0.243882504359074,0.741298187588915,-1.90942812247004,0.996460772878503,-0.909343595079914,-3.80369842187769,1.98501123171787,50,1998,2016,12,15,66.686,-1.36361994283645,Thamnophilus_torquatus,-0.475550194660414,-0.439499783302193,50
M0,Tachyphonus_coronatus,0.467820723288617,0.312712135457624,-0.454306075936754,-0.922126799225371,0.243882504359074,0.396568341119492,-1.23158002453096,0.32296787265745,-0.905005684034168,-2.45338326203373,0.643371893965395,472,1996,2017,25,56,81.9291737288136,-1.10461956693198,Tachyphonus_coronatus,-0.454383980159798,-0.454215742543133,50
M0,Tangara_cayana,0.477421157699715,0.610336304233109,-0.444705641525656,-0.922126799225371,0.243882504359074,0.657257764729176,-1.73293086039484,0.843519577343529,-0.885881027395302,-3.4521050053354,1.6803429505448,270,1999,2017,12,13,72.169962962963,-1.2274927005989,Stilpnia_cayana,-0.448045546721426,-0.440869471716549,50
M0,Drymophila_squamata,0.508703670255359,0.477211208929212,-0.413423128970012,-0.922126799225371,0.243882504359074,0.535918031095838,-1.46382246991785,0.636976211977831,-0.82356433569059,-2.91602451708575,1.26889584570457,56,1995,2017,8,11,52.9035714285714,-1.55672729354868,Drymophila_squamata,-0.413572511953874,-0.413269597579606,50
M0,Pachyramphus_polychopterus,0.529233224268251,0.82113615096472,-0.39289357495712,-0.922126799225371,0.243882504359074,0.856587258853556,-2.07180460231009,1.28601745239585,-0.782668199679106,-4.12716237050681,2.5618259711486,31,1998,2016,11,17,75.4741935483871,-1.03700107663599,Pachyramphus_polychopterus,-0.394213012032688,-0.390099771318961,50
M0,Myrmotherula_unicolor,0.546391550739539,0.555483568080572,-0.375735248485832,-0.922126799225371,0.243882504359074,0.606662671872823,-1.56479408535657,0.813323588384901,-0.748487756564822,-3.11716619389411,1.62019068076447,41,1996,2017,11,14,47.8029268292683,-1.56577809396086,Myrmotherula_unicolor,-0.376436392644153,-0.37479693813585,50
M0,Conopophaga_lineata,0.553596678164031,0.358765212377546,-0.368530121061339,-0.922126799225371,0.243882504359074,0.433808805592487,-1.21879538002261,0.481735137899934,-0.734134698970532,-2.42791546276525,0.959646064824188,334,1999,2018,21,36,70.6868263473054,-1.03857357432276,Conopophaga_lineata,-0.368856155309946,-0.368008063217906,50
M0,Euphonia_violacea,0.611187696691726,0.494675309130967,-0.310939102533645,-0.922126799225371,0.243882504359074,0.551526334827976,-1.39193071879648,0.770052513729188,-0.619409843025316,-2.77281172103001,1.53399203497937,144,1995,2017,16,23,60.0529166666667,-1.03144006553995,Euphonia_violacea,-0.311463359780165,-0.310623590623621,50
M0,Sporophila_caerulescens,0.624937995623206,0.688065490874634,-0.297188803602165,-0.922126799225371,0.243882504359074,0.73000797121921,-1.72800442719182,1.13362681998749,-0.592018400671172,-3.44229124697534,2.25825444563299,89,1997,2016,10,14,56.3898876404494,-1.04986625340694,Sporophila_caerulescens,-0.299319542736527,-0.295130489792712,50
M0,Myrmotherula_axillaris,0.638094919250951,0.510327592767361,-0.28403187997442,-0.922126799225371,0.243882504359074,0.565607581442778,-1.39262273960226,0.824558979653426,-0.565808998468129,-2.77419026909678,1.64257227216052,102,1995,2017,9,15,51.081568627451,-1.10765783759441,Myrmotherula_axillaris,-0.285113561240484,-0.283113404065267,50
M0,Platyrinchus_mystaceus,0.642226901756544,0.402313773666024,-0.279899897468827,-0.922126799225371,0.243882504359074,0.470461405808654,-1.20200425285379,0.642204457916134,-0.557577834827668,-2.39446650327733,1.27931083362199,231,1996,2017,20,31,53.6242424242424,-1.03978687552628,Platyrinchus_mystaceus,-0.280043670569312,-0.279619502242038,50
M0,Knipolegus_cyanirostris,0.685095262476106,0.62673736014951,-0.237031536749265,-0.922126799225371,0.243882504359074,0.672515705049487,-1.55516231864626,1.08109924514773,-0.472181420006592,-3.09797912138546,2.15361628137228,47,2002,2017,7,10,72.8851063829787,-0.647843494287419,Knipolegus_cyanirostris,-0.237746175369043,-0.236049649010222,50
M0,Dysithamnus_mentalis,0.793336250328554,0.351316594309278,-0.128790548896817,-0.922126799225371,0.243882504359074,0.427669242366295,-0.967022263934756,0.709441166141121,-0.256558705628508,-1.92636790878047,1.41325049752345,266,1996,2018,25,43,58.3639097744361,-0.439584507994841,Dysithamnus_mentalis,-0.129439476782618,-0.128441980573208,50
M0,Manacus_manacus,0.796271755624864,0.329275978749507,-0.125855043600507,-0.922126799225371,0.243882504359074,0.40975635490014,-0.928977499204781,0.677267412003767,-0.250710998280119,-1.85058039425653,1.34915839769629,309,1996,2017,21,31,52.3960841423948,-0.478491861335996,Manacus_manacus,-0.126532627791285,-0.125486233162364,50
M0,Cyanerpes_cyaneus,0.864754417324799,0.785597659417283,-0.0573723819005721,-0.922126799225371,0.243882504359074,0.822582174078822,-1.66963344309506,1.55488867929392,-0.114289318318131,-3.32601265157838,3.09743401494212,62,1999,2017,5,8,62.1548387096774,-0.18387839256083,Cyanerpes_cyaneus,-0.0592638556206705,-0.0551304684057452,50
M0,Arremon_flavirostris,0.945775452261047,1.22500897597254,0.0236486530356762,-0.922126799225371,0.243882504359074,1.24905201769576,-2.42449330164802,2.47179060771938,0.0471095733705714,-4.82973998172917,4.92395912847031,68,2010,2018,5,7,75.9617647058824,0.0620174814960865,Arremon_flavirostris,0.00889708226338703,0.0423502536901727,50
M0,Coryphospingus_pileatus,0.947967448913693,1.01788091564916,0.0258406496883216,-0.922126799225371,0.243882504359074,1.04669010476973,-2.02567195566036,2.077353255037,0.0514761657079895,-4.03526329706506,4.13821562848104,13,1999,2012,2,5,62.4153846153846,0.0824735215927857,Coryphospingus_pileatus,0.0124320266341925,0.0360915595276542,50
M0,Euphonia_chlorotica,0.949345555620845,1.05253971325244,0.0272187563954739,-0.922126799225371,0.243882504359074,1.08042470122067,-2.09041365799703,2.14485117078798,0.0542214391464017,-4.16423275556928,4.27267563386208,21,1999,2017,7,8,58.8066666666667,0.0922028780405879,Euphonia_chlorotica,0.0247347844039819,0.0300757748154957,50
M0,Zonotrichia_capensis,1.09079071478282,0.595702090966647,0.168663915557453,-0.922126799225371,0.243882504359074,0.643691268098039,-1.0929709699147,1.43029880102961,0.335988907822144,-2.17726548828911,2.8492433039334,56,1997,2017,8,10,66.1642857142857,0.507810073357446,Zonotrichia_capensis,0.16737448694501,0.169785639854069,50
M0,Geothlypis_aequinoctialis,1.09463420480594,0.330020380551595,0.172507405580564,-0.922126799225371,0.243882504359074,0.410354695458898,-0.631787797518876,0.976802608680005,0.343645376669214,-1.25856020454723,1.94585095788566,354,1995,2017,14,19,56.1634180790961,0.611866920537585,Geothlypis_aequinoctialis,0.172262375798193,0.172777778534825,50
M0,Conopophaga_cearae,1.12144103956355,0.957734226486522,0.199314240338183,-0.922126799225371,0.243882504359074,0.988298618343565,-1.73775105161521,2.13637953229157,0.397046242542702,-3.46170712312255,4.25579960820795,51,2008,2017,1,2,69.0098039215686,0.575347588284638,Conopophaga_cearae,0.189818894442193,0.206105598728171,50
M0,Thamnophilus_caerulescens,1.14035632519151,0.374524906907056,0.218229525966136,-0.922126799225371,0.243882504359074,0.446930051167123,-0.657753374321425,1.0942124262537,0.434726656508398,-1.31028523276104,2.17973854577784,199,1996,2017,21,33,68.5758793969849,0.633935226687755,Thamnophilus_caerulescens,0.217534369107716,0.218655971700996,50
M0,Tangara_peruviana,1.28946599154882,0.767235325820607,0.367339192323445,-0.922126799225371,0.243882504359074,0.8050639662466,-1.21058618151989,1.94526456616678,0.731762295575197,-2.41156223374226,3.87508682489266,27,1997,2016,3,7,73.4962962962963,0.995645131048695,Stilpnia_peruviana,0.349858292077884,0.384017533596263,50
M0,Euphonia_pectoralis,1.35255934132725,0.562250135341033,0.430432542101882,-0.922126799225371,0.243882504359074,0.61286431678697,-0.770781518800579,1.63164660300434,0.857448134261162,-1.5354442579811,3.25034052650342,63,1997,2017,9,14,62.2365079365079,1.3777253298593,Euphonia_pectoralis,0.429759839168279,0.431440716840968,50
M0,Microspingus_cabanisi,1.36444361021556,0.59642485341566,0.442316810990193,-0.922126799225371,0.243882504359074,0.644360156007509,-0.820629094784525,1.70526271676491,0.881122329840289,-1.63474369945957,3.39698835914015,41,2002,2016,3,3,66.0073170731707,1.33488584131293,Microspingus_cabanisi,0.441701949703815,0.443074813905383,50
M0,Myrmoderus_squamosus,1.46108646439219,0.535280772807933,0.538959665166821,-0.922126799225371,0.243882504359074,0.588220237579578,-0.613952000489152,1.69187133082279,1.07364084760563,-1.22303019835505,3.37031189356631,72,2001,2017,14,16,60.2116666666667,1.78311099333844,Myrmoderus_squamosus,0.538539993625224,0.539500777400384,50
M0,Coryphospingus_cucullatus,1.58829551603184,0.643570434382693,0.666168716806469,-0.922126799225371,0.243882504359074,0.688230007694645,-0.682762098275035,2.01509953188797,1.32704911329324,-1.36010415116707,4.01420237775356,76,2002,2017,12,17,62.071052631579,2.13795168122878,Coryphospingus_cucullatus,0.664541723708989,0.667282915951428,50
M0,Myiobius_barbatus,1.66565366657404,0.731635968189061,0.743526867348671,-0.922126799225371,0.243882504359074,0.771212551502549,-0.768049733596325,2.25510346829367,1.4811513136715,-1.53000237360323,4.49230500094623,25,1995,2017,7,8,62.236,2.3798947774142,Myiobius_barbatus,0.74223695468142,0.744722588681481,50
M0,Thamnophilus_pelzelni,1.68629889791184,1.17739000172817,0.764172098686472,-0.922126799225371,0.243882504359074,1.20238275787274,-1.5924981067441,3.12084230411704,1.52227788603878,-3.17235431079222,6.21691008286979,44,2005,2017,5,6,68.1363636363636,2.23416367530709,Thamnophilus_pelzelni,0.761729991124215,0.767441832664186,50
M0,Myiothlypis_leucoblephara,1.85982853924832,0.774390453142627,0.937701740022951,-0.922126799225371,0.243882504359074,0.811885888939928,-0.653594602299309,2.52899808234521,1.86795961929341,-1.30200070275369,5.03791994134051,28,2002,2017,4,5,64.8642857142857,2.87979679221536,Myiothlypis_leucoblephara,0.934267806850606,0.940569707635692,50
M0,Chiroxiphia_pareola,2.90105198132998,0.630754995768677,1.97892518210461,-0.922126799225371,0.243882504359074,0.676257778324931,0.653459936587746,3.30439042762148,3.94214084500237,1.30173244036218,6.58254924964255,126,2006,2017,7,9,67.7192063492064,5.82130396607722,Chiroxiphia_pareola,1.96841961121656,2.00764183027172,50
M0,Drymophila_malura,3.03218508649218,1.15257647591747,2.11005828726681,-0.922126799225371,0.243882504359074,1.17809554319764,-0.199008977400554,4.41912555193418,4.20336606698985,-0.396438139969763,8.80317027394947,25,1999,2017,4,4,55.76,7.53831791067047,Drymophila_malura,2.10543165597599,2.11489551996761,50
M0,Turdus_leucomelas,4.13615042474064,1.21966581649234,3.21402362551527,-0.922126799225371,0.243882504359074,1.24381022824291,0.77615557815917,5.65189167287137,6.40253301414432,1.5461497152124,11.2589163130762,106,2010,2017,4,5,117.901886792453,5.43039063099553,Turdus_leucomelas,3.18818040859745,3.23790707125058,50
