model,label,term,estimate,se,ci_lo,ci_hi,t,N,n_spp,n_src,n_site,n_ind,sample,mm_per_decade,mm_per_decade_lo,mm_per_decade_hi,pct_per_decade,singular,convergence_msg
M0,M0 baseline (= published brms structure),scaled_yr,-0.921682626207744,0.243941827826154,-1.39980860874701,-0.443556643668483,-3.77828859618362,8478,72,42,130,,w_all,-1.83604855795429,-2.78850496301168,-0.883592152896893,-2.58128336356957,FALSE,""
M1a_src,M0 + (1|contributor),scaled_yr,-0.678358454744494,0.20381187733812,-1.07782973432721,-0.278887175161778,-3.32835585248601,8478,72,42,130,,w_all,-1.35133182203328,-2.14710321444822,-0.555560429618334,-1.89982467280884,FALSE,""
M1b_site,M0 + (1|municipality),scaled_yr,-0.779201657801633,0.204733137856772,-1.18047860800091,-0.377924707602359,-3.80593813956365,8478,72,42,130,,w_all,-1.55221769346861,-2.35158609296322,-0.752849293974005,-2.18224822618695,FALSE,""
M1,M1 = M0 + (1|contributor) + (1|municipality),scaled_yr,-0.528183019271787,0.201210269267923,-0.922555147036915,-0.133810891506658,-2.62503012989104,8478,72,42,130,,w_all,-1.05217310524775,-1.83778667318466,-0.266559537310842,-1.47924025233704,FALSE,""
M0_cc,M0 on the complete-case sample,scaled_yr,-0.936233716763151,0.23652723097309,-1.39982708947041,-0.472640344055896,-3.9582491745725,8282,72,42,126,,w_cc,-1.86503522654415,-2.78854177775093,-0.941528675337371,-2.62203544775174,FALSE,""
M1_cc,M1 on the complete-case sample,scaled_yr,-0.342339490416531,0.186590851292223,-0.708057558949288,0.0233785781162265,-1.83470672889737,8282,72,42,126,,w_cc,-0.681961349641849,-1.41049426678078,0.0465715674970794,-0.958763034235492,FALSE,""
M2a_wingcol,M1 + wing-column protocol proxy,scaled_yr,-0.499905248855265,0.200837065018766,-0.893545896292046,-0.106264601418484,-2.48910851594328,8478,72,42,130,,w_all,-0.995842044946618,-1.7799984590175,-0.211685630875739,-1.40004494555846,FALSE,""
M2,M2 = M1 + wing_col + scaled_lon + scaled_alt,scaled_yr,-0.499565244253196,0.201331636223147,-0.894175251250564,-0.104955237255829,-2.48130524156423,8478,72,42,130,,w_all,-0.995164734838371,-1.78125217285691,-0.209077296819827,-1.39909272166066,FALSE,""
M3a_season,M2 + season,scaled_yr,-0.385411684732186,0.208404744184845,-0.793884983334483,0.0230616138701107,-1.84934218383409,8478,72,42,130,,w_all,-0.767763813540481,-1.58146778227791,0.0459401551969491,-1.07939190957503,FALSE,""
M3b_ring,M2 + season + (1|individual)  [= M3 without moult],scaled_yr,-0.365227603037541,0.206920631864391,-0.770792041491747,0.0403368354166657,-1.76506131721509,8478,72,42,130,7791,w_all,-0.727555879664626,-1.53546521983,0.0803534605007467,-1.02286395428343,FALSE,""
M3,M3 = M2 + season + moult + (1|individual),scaled_yr,-0.370410503361508,0.206499745093641,-0.775150003745044,0.0343289970220282,-1.79375767845882,8478,72,42,130,7791,w_all,-0.737880536325449,-1.54414654904601,0.0683854763951092,-1.03737929177693,FALSE,""
M4,M4 = M3 with (1 + scaled_yr || contributor),scaled_yr,-0.873052372543028,0.447299381764569,-1.74975916080158,0.00365441571552749,-1.95183004523478,8478,72,42,130,7791,w_all,-1.73917409751076,-3.48562801620276,0.00727982118125269,-2.4450884726369,FALSE,""
M5,"M5 = M3 with Mundlak year within/between municipality, latitude within/among species (REWB: species slope on yr_within_site)",yr_within_site,-0.735201637732072,0.48165569869323,-1.6792468071708,0.20884353170666,-1.52640493972506,8478,72,42,130,7791,w_all,-1.4645669435233,-3.34516306490555,0.416029177858959,-2.05902086291377,FALSE,""
M5,"M5 = M3 with Mundlak year within/between municipality, latitude within/among species (REWB: species slope on yr_within_site)",yr_site_mean,-0.273913782819642,0.245735425086065,-0.755555215988328,0.207727650349045,-1.11466949758549,8478,72,42,130,7791,w_all,-0.545653125760939,-1.5051125249892,0.413806273467317,-0.767128586934416,FALSE,""
M5_rsTotal,M5 with the species random slope on total scaled_yr,yr_within_site,-0.401696238022524,0.210411321748919,-0.814102428650405,0.0107099526053576,-1.90909992239801,8478,72,42,130,7791,w_all,-0.800203646662512,-1.62174217854222,0.0213348852171956,-1.12499876522823,FALSE,""
M5_rsTotal,M5 with the species random slope on total scaled_yr,yr_site_mean,-0.203193028960087,0.291451723151718,-0.774438406337454,0.368052348417279,-0.697175596571489,8478,72,42,130,7791,w_all,-0.404773028372614,-1.54272900318271,0.733182946437487,-0.56906658575743,FALSE,""
M5src,M3 with Mundlak year within/between CONTRIBUTOR (REWB: species slope on yr_within_src),yr_within_src,-0.157031977718768,0.326268239330252,-0.796517726806061,0.482453771368526,-0.481297162240235,8478,72,42,130,7791,w_all,-0.312817371234974,-1.58671236942429,0.961077626954347,-0.439786994034668,FALSE,""
M5src,M3 with Mundlak year within/between CONTRIBUTOR (REWB: species slope on yr_within_src),yr_src_mean,-1.28691548930332,0.573441263598963,-2.41086036595729,-0.162970612649355,-2.24419756825056,8478,72,42,130,7791,w_all,-2.56361491597849,-4.80258233417901,-0.324647497777973,-3.60416204927997,FALSE,""
M5src_rsTotal,M5src with the species random slope on total scaled_yr,yr_within_src,-0.344482791756222,0.207341919903711,-0.750872954767496,0.0619073712550506,-1.66142375799452,8478,72,42,130,7791,w_all,-0.686230937916713,-1.49578517225624,0.123323296422815,-0.96476560815188,FALSE,""
M5src_rsTotal,M5src with the species random slope on total scaled_yr,yr_src_mean,-1.12746529795102,0.648756937516264,-2.3990288954829,0.14409829958086,-1.73788553578705,8478,72,42,130,7791,w_all,-2.24598031424743,-4.77901331629227,0.287052687797404,-3.15760255629142,FALSE,""
M7,M7 = M3 on first (wing) captures only; no ring term (one record per individual),scaled_yr,-0.378510723475309,0.205282144376005,-0.780863726452279,0.023842279501661,-1.84385604810329,7791,72,42,130,,w_first,-0.754016673685713,-1.55552863658772,0.0474952892162913,-1.06006493521477,FALSE,""
M3_longrun,"M3 on the 6 long-running contributors (>= 8 yr, >= 200 wing records)",scaled_yr,0.100584920922398,0.315064234861872,-0.516940979406871,0.718110821251667,0.319252107325021,3017,71,6,61,2926,w_long,0.200371357515303,-1.0297782694382,1.4305209844688,0.281700203107034,FALSE,""
M2a_wingcol_cc,M1 + wing-column protocol proxy,scaled_yr,-0.317786930114181,0.186617475896123,-0.683557182870583,0.0479833226422206,-1.70287872873744,8282,72,42,126,,w_cc,-0.633051137324303,-1.36168800865076,0.0955857340021587,-0.890000627698376,FALSE,""
M2_cc,M2 = M1 + wing_col + scaled_lon + scaled_alt,scaled_yr,-0.317622667948119,0.187061042712761,-0.68426231166513,0.0490169757688914,-1.69796267219488,8282,72,42,126,,w_cc,-0.63272391697258,-1.36309266863847,0.0976448346933124,-0.889540591689816,FALSE,""
M3a_season_cc,M2 + season,scaled_yr,-0.299025337156511,0.186831857836363,-0.665215778515782,0.0671651042027606,-1.60050507777112,8282,72,42,126,,w_cc,-0.595676888623761,-1.32515080152661,0.133797024279085,-0.837456523688344,FALSE,""
M3b_ring_cc,M2 + season + (1|individual)  [= M3 without moult],scaled_yr,-0.279264116158653,0.183967235993774,-0.63983989870645,0.0813116663891445,-1.51801006657568,8282,72,42,126,7595,w_cc,-0.55631131929995,-1.2746004860428,0.161977847442899,-0.782112840781496,FALSE,""
M3_cc,M3 = M2 + season + moult + (1|individual),scaled_yr,-0.284122388786366,0.1832670608722,-0.643325828095878,0.0750810505231458,-1.55031890310336,8282,72,42,126,7595,w_cc,-0.565989297595975,-1.28154467208537,0.149566076893418,-0.795719019256618,FALSE,""
M4_cc,M4 = M3 with (1 + scaled_yr || contributor),scaled_yr,-0.815630025078136,0.426479751514591,-1.65153033804673,0.0202702878904621,-1.91247069100356,8282,72,42,126,7595,w_cc,-1.62478524471111,-3.2899501513496,0.0403796619273722,-2.28427026255725,FALSE,""
M5_cc,"M5 = M3 with Mundlak year within/between municipality, latitude within/among species (REWB: species slope on yr_within_site)",yr_within_site,-0.34179960853475,0.136540046426628,-0.60941809953094,-0.0741811175385588,-2.50329201930088,8282,72,42,126,7595,w_cc,-0.680885871681948,-1.21399838840276,-0.147773354961135,-0.957251029907637,FALSE,""
M5_cc,"M5 = M3 with Mundlak year within/between municipality, latitude within/among species (REWB: species slope on yr_within_site)",yr_site_mean,-0.254536640516064,0.253103231088235,-0.750618973449005,0.241545692416876,-1.00566333911134,8282,72,42,126,7595,w_cc,-0.507052664851591,-1.49527922582707,0.481173896123886,-0.712860562736604,FALSE,""
M5_rsTotal_cc,M5 with the species random slope on total scaled_yr,yr_within_site,-0.292073597250166,0.188740791238603,-0.662005548077828,0.0778583535774963,-1.54748528568438,8282,72,42,126,7595,w_cc,-0.581828594571791,-1.31875582477571,0.155098635632127,-0.817987337595576,FALSE,""
M5_rsTotal_cc,M5 with the species random slope on total scaled_yr,yr_site_mean,-0.240837598728766,0.287475945659058,-0.80429045222052,0.322615254762989,-0.837766089182276,8282,72,42,126,7595,w_cc,-0.479763329885591,-1.60219611717303,0.642669457401847,-0.674494743899494,FALSE,""
M5src_cc,M3 with Mundlak year within/between CONTRIBUTOR (REWB: species slope on yr_within_src),yr_within_src,0.0277679007654163,0.306297676097799,-0.572575544386269,0.628111345917102,0.0906565832270638,8282,72,42,126,7595,w_cc,0.0553153685531976,-1.14060574941699,1.25123648652338,0.0777673553226596,FALSE,""
M5src_cc,M3 with Mundlak year within/between CONTRIBUTOR (REWB: species slope on yr_within_src),yr_src_mean,-1.20210172815501,0.595514560833401,-2.36931026738847,-0.0348931889215391,-2.01859334299519,8282,72,42,126,7595,w_cc,-2.39466068008087,-4.71981197875415,-0.0695093814075848,-3.36663088136083,FALSE,""
M5src_rsTotal_cc,M5src with the species random slope on total scaled_yr,yr_within_src,-0.260510242611699,0.183749332498536,-0.620658934308829,0.0996384490854306,-1.41774796713221,8282,72,42,126,7595,w_cc,-0.518952448140997,-1.23639082360474,0.198485927322745,-0.729590355912256,FALSE,""
M5src_rsTotal_cc,M5src with the species random slope on total scaled_yr,yr_src_mean,-0.986966014688496,0.649032305858226,-2.25906933417062,0.285137304793627,-1.52067317108879,8282,72,42,126,7595,w_cc,-1.96609708862002,-4.50020525003129,0.568011072791243,-2.76411736717465,FALSE,""
M7_cc,M7 = M3 on first (wing) captures only; no ring term (one record per individual),scaled_yr,-0.294881614046338,0.183033016114482,-0.653626325630722,0.0638630975380458,-1.6110842748824,7595,72,42,126,,w_first_cc,-0.587422336975872,-1.30206389758371,0.127219223631969,-0.825851527322582,FALSE,""
M3_longrun_cc,"M3 on the 6 long-running contributors (>= 8 yr, >= 200 wing records)",scaled_yr,-0.0240656903919495,0.173157844507443,-0.363455065626537,0.315323684842638,-0.138981231028867,2897,71,6,57,2806,w_long_cc,-0.0479403374696508,-0.724024875971105,0.628144201031804,-0.0673988686291603,FALSE,""
M_carrano,M3 without contributor term on E. Carrano's records alone (1996-2017) [ring term dropped: no repeated individuals] [wing_col dropped: single level],scaled_yr,-0.0292651079320389,0.120834730242018,-0.266101179206393,0.207570963342315,-0.242191196797679,1040,41,1,5,,w_carrano,-0.0582978974422868,-0.530089938184113,0.413494143299539,-0.0819604645786313,FALSE,""
M1_noanom,M1 without the flagged anomalous blocks,scaled_yr,-0.494537622307105,0.195134775259943,-0.877001781816594,-0.112073462797616,-2.53433874945314,8285,72,42,130,,w_noanom,-0.985149402269891,-1.74704156402831,-0.223257240511471,-1.38501225999333,FALSE,""
M3_noanom,M3 without the flagged anomalous blocks,scaled_yr,-0.427789833908802,0.193804259450276,-0.807646182431343,-0.0479334853862609,-2.20732936996444,8285,72,42,130,7603,w_noanom,-0.852183696775819,-1.60888093843283,-0.095486455118804,-1.19807702779035,FALSE,""
M5src_noanom,"M5src (within/between contributor, REWB) without the flagged anomalous blocks",yr_within_src,-0.411984426351686,0.295891417301489,-0.991931604262605,0.167962751559234,-1.39235003877083,8285,72,42,130,7603,w_noanom,-0.82069835146501,-1.97598884888293,0.334592145952913,-1.15381207755527,FALSE,""
M5src_noanom,"M5src (within/between contributor, REWB) without the flagged anomalous blocks",yr_src_mean,-1.1981926987482,0.426837336600786,-2.03479387848574,-0.361591519010655,-2.80714125968986,8285,72,42,130,7603,w_noanom,-2.38687365274489,-4.05343472915358,-0.720312576336199,-3.35568317301894,FALSE,""
M5src_rsTotal_noanom,M5src_rsTotal without the flagged anomalous blocks,yr_within_src,-0.373853816411983,0.19537659895532,-0.75679195036441,0.00908431754044431,-1.91350355370593,8285,72,42,130,7603,w_noanom,-0.744739827996077,-1.50757617603698,0.0180965200448209,-1.04702270529045,FALSE,""
M5src_rsTotal_noanom,M5src_rsTotal without the flagged anomalous blocks,yr_src_mean,-1.18194766538838,0.404377756049432,-1.97452806724526,-0.389367263531492,-2.92288002420167,8285,72,42,130,7603,w_noanom,-2.35451254575849,-3.93338152138369,-0.775643570133292,-3.31018699769788,FALSE,""
M6_m0,"unknown-sex records, M0 structure (no Sex)",scaled_yr,-0.0157527709705857,0.297526711248073,-0.59890512501681,0.567399583075638,-0.0529457368869689,3532,56,41,122,,u_all,-0.031380489988545,-1.19305589567519,1.1302949156981,-0.044117535125729,FALSE,""
M6_m1,"unknown-sex records, M1 structure (no Sex)",scaled_yr,-0.741108777805761,0.261066013345197,-1.25279816396235,-0.229419391649174,-2.83877923560208,3532,56,41,122,,u_all,-1.47633433037158,-2.49565110260893,-0.457017558134239,-2.07556452118063,FALSE,""
M6,M6 = M3 on unknown-sex records (no Sex),scaled_yr,-0.683943412008965,0.26100493708136,-1.19551308868843,-0.172373735329499,-2.62042327496574,3532,56,41,122,3320,u_all,-1.36245740088232,-2.38153570446832,-0.343379097296325,-1.91546601925837,FALSE,""
M6_cc,M6 on the complete-case unknown-sex sample,scaled_yr,-0.58193000724694,0.271774839052799,-1.11460869179043,-0.0492513227034548,-2.14122105370426,3430,54,41,119,3218,u_cc,-1.15924041557798,-2.22036916293555,-0.0981116682204199,-1.62976517486169,FALSE,""
