Longitude_decimal_degrees,Latitude_decimal_degrees,n_early,n_late,n_contrib,shared
-56.891106,-20.519572,0,1,1,FALSE
-56.853557,-20.490824,0,6,1,FALSE
-56.667619,-20.845447,0,1,1,FALSE
-56.661151,-20.849214,0,3,1,FALSE
-56.638121,-20.494894,0,1,1,FALSE
-56.628816,-21.109779,0,4,1,FALSE
-56.626984,-21.102193,0,2,1,FALSE
-56.616446,-21.038099,0,1,1,FALSE
-56.533456,-21.192887,0,4,1,FALSE
-54.487792,-25.619635,0,87,1,FALSE
-53.38,-33.75,5,0,1,FALSE
-52.53671,-32.538503,60,0,1,FALSE
-52.51,-32.53,3,0,1,FALSE
-52.17,-32.2,2,0,1,FALSE
-52.17,-32.07,4,1,1,TRUE
-51.97104,-23.876274,15,0,1,FALSE
-51.952041,-23.893635,15,0,1,FALSE
-51.951507,-23.917488,38,0,1,FALSE
-51.94695,-23.866923,10,0,1,FALSE
-51.929803,-23.799715,1,0,1,FALSE
-51.737332,-30.057747,0,9,1,FALSE
-51.302929,-30.051014,243,0,1,FALSE
-51.2525,-23.4425,0,15,1,FALSE
-51.23,-30.05,6,0,1,FALSE
-51.22,-30.04,3,0,1,FALSE
-51.2,-30.1,2,0,1,FALSE
-51.19,-29.98,4,0,1,FALSE
-51.136167,-27.7955,0,7,1,FALSE
-51.12,-30.03,4,0,1,FALSE
-51.09,-30.1,19,0,1,FALSE
-50.901139,-28.007167,0,26,1,FALSE
-50.851889,-28.031444,0,21,1,FALSE
-50.723722,-28.285222,0,5,1,FALSE
-50.6967,-24.1431,0,33,1,FALSE
-50.372222,-29.099618,0,1,1,FALSE
-50.37222,-29.099616,0,1,1,FALSE
-50.186006,-29.499814,0,26,1,FALSE
-50.18545,-29.491353,0,17,1,FALSE
-50.178935,-29.482103,4,63,1,TRUE
-50.171519,-29.478818,0,15,1,FALSE
-50.162407,-29.472434,0,9,1,FALSE
-49.672487,-22.37698,0,53,1,FALSE
-49.671408,-28.649798,0,75,1,FALSE
-49.645556,-28.165556,0,2,1,FALSE
-49.641667,-28.153056,0,14,1,FALSE
-49.636667,-28.160833,0,30,1,FALSE
-49.635,-28.141667,0,1,1,FALSE
-49.618889,-28.1525,0,25,1,FALSE
-49.412429,-28.713794,0,24,1,FALSE
-49.405145,-28.599546,0,24,1,FALSE
-49.403256,-28.600583,0,2,1,FALSE
-49.402289,-22.529975,0,58,1,FALSE
-49.398056,-22.530694,0,222,1,FALSE
-49.356283,-25.583954,89,0,1,FALSE
-49.348803,-25.589976,53,0,1,FALSE
-49.313417,-28.093417,0,8,1,FALSE
-49.281345,-25.659151,1,0,1,FALSE
-49.254528,-28.137139,0,3,1,FALSE
-49.248873,-25.956569,3,0,1,FALSE
-49.223139,-28.167889,0,8,1,FALSE
-49.221108,-25.951109,18,0,1,FALSE
-49.078161,-25.505487,0,21,1,FALSE
-49.076722,-22.775,0,89,1,FALSE
-49.028117,-25.505973,0,50,1,FALSE
-48.992205,-25.49548,0,16,1,FALSE
-48.981171,-25.49618,0,49,1,FALSE
-48.895407,-25.97896,0,4,1,FALSE
-48.892222,-25.985278,0,7,1,FALSE
-48.884167,-26.002222,0,10,1,FALSE
-48.812205,-27.768275,15,0,1,FALSE
-48.810668,-27.73223,30,0,1,FALSE
-48.728,-24.538722,4,0,1,FALSE
-48.728,-24.534778,3,0,1,FALSE
-48.713889,-24.543389,3,0,1,FALSE
-48.704611,-28.104611,0,2,1,FALSE
-48.687917,-24.541833,4,0,1,FALSE
-48.681405,-25.29377,0,16,1,FALSE
-48.68104,-25.301984,0,14,1,FALSE
-48.675863,-25.301518,0,14,1,FALSE
-48.673631,-25.304749,0,38,1,FALSE
-48.673307,-25.289552,0,2,1,FALSE
-48.67189,-25.311564,0,19,1,FALSE
-48.664606,-25.283623,0,3,1,FALSE
-48.658873,-25.291068,0,10,1,FALSE
-48.656101,-25.279147,0,6,1,FALSE
-48.650869,-25.286414,0,2,1,FALSE
-48.648012,-25.273966,0,2,1,FALSE
-48.642632,-25.28218,0,4,1,FALSE
-48.541493,-25.587558,337,118,1,TRUE
-48.52396,-27.71722,18,0,1,FALSE
-48.52275,-27.632528,0,6,1,FALSE
-48.512518,-27.531353,19,0,1,FALSE
-48.4981,-27.4756,0,116,1,FALSE
-48.498056,-27.475556,0,7,1,FALSE
-48.474789,-27.585696,31,0,1,FALSE
-48.46,-23.29,112,0,1,FALSE
-48.422847,-25.356797,103,0,1,FALSE
-48.366667,-27.240278,0,4,1,FALSE
-48.34105,-25.14759,0,30,1,FALSE
-47.99475,-24.059833,3,0,1,FALSE
-47.964139,-24.069889,2,0,1,FALSE
-47.964139,-24.068639,2,0,1,FALSE
-47.9515,-24.063639,1,0,1,FALSE
-47.949986,-24.16386,0,40,1,FALSE
-47.946389,-24.061306,9,0,1,FALSE
-47.931944,-25.096389,8,0,1,FALSE
-47.86827,-21.1547,0,3,1,FALSE
-47.86805,-21.15444,0,1,1,FALSE
-47.86277,-21.16715,0,1,1,FALSE
-47.86277,-21.16583,0,1,1,FALSE
-47.85748,-21.16624,0,8,1,FALSE
-47.85306,-21.17113,0,1,1,FALSE
-47.841667,-21.971667,64,0,1,FALSE
-47.81,-23.95,126,0,1,FALSE
-47.7,-23.883333,0,5,1,FALSE
-47.684,-23.915,100,0,1,FALSE
-47.545152,-22.395381,0,3,1,FALSE
-47.543972,-22.396028,0,136,1,FALSE
-47.409444,-23.2475,0,3,1,FALSE
-47.403056,-23.24,0,15,1,FALSE
-47.253177,-24.086093,0,40,1,FALSE
-47.245302,-24.06865,0,88,1,FALSE
-47.198404,-24.045634,0,31,1,FALSE
-47.012778,-23.964444,0,13,1,FALSE
-47.0125,-23.963889,0,12,1,FALSE
-47,-23.833333,28,0,1,FALSE
-46.971111,-23.666389,14,0,1,FALSE
-46.718314,-23.567255,0,1,1,FALSE
-46.509514,-23.977439,0,15,1,FALSE
-46.491667,-23.901889,4,0,1,FALSE
-46.491667,-23.825222,1,0,1,FALSE
-46.491667,-23.823333,2,0,1,FALSE
-46.487639,-23.904583,3,0,1,FALSE
-46.4848,-23.94686,0,3,1,FALSE
-46.457653,-23.876918,0,11,1,FALSE
-46.400954,-23.843052,22,0,1,FALSE
-46.399266,-23.833688,7,0,1,FALSE
-46.369417,-23.842417,0,54,1,FALSE
-46.340917,-23.855861,0,57,1,FALSE
-46.305028,-23.883583,0,40,1,FALSE
-46.289722,-23.90525,0,46,1,FALSE
-46.233611,-23.956417,0,3,1,FALSE
-46.028,-22.977,26,0,1,FALSE
-46.02,-23.039,51,0,1,FALSE
-45.982,-23.633,66,0,1,FALSE
-45.427917,-23.593222,48,0,1,FALSE
-45.072347,-23.394822,0,1,1,FALSE
-44.850694,-23.358056,51,0,1,FALSE
-44.583333,-22.366667,1,0,1,FALSE
-44.204194,-23.183073,37,0,1,FALSE
-44.202778,-23.175,53,0,1,FALSE
-44.193483,-23.182683,17,0,1,FALSE
-44.191562,-23.188225,2,0,1,FALSE
-44.188333,-23.010833,0,9,1,FALSE
-44.120167,-22.990433,14,0,1,FALSE
-44.105278,-22.989722,0,3,1,FALSE
-43.790933,-22.372667,1,0,1,FALSE
-43.787333,-22.370933,19,0,1,FALSE
-43.5326,-23.0476,4,0,1,FALSE
-43.29155,-22.449367,9,0,1,FALSE
-42.98,-22.41,27,0,1,FALSE
-42.918417,-22.481667,3,0,1,FALSE
-42.874163,-22.961388,8,0,1,FALSE
-42.819081,-22.647121,0,4,1,FALSE
-42.807354,-22.660477,0,3,1,FALSE
-42.742133,-22.358133,2,0,1,FALSE
-42.737667,-22.4084,16,0,1,FALSE
-42.666531,-22.941347,0,1,1,FALSE
-42.611924,-22.933574,0,1,1,FALSE
-42.575483,-22.417983,3,0,1,FALSE
-42.512333,-22.439117,3,0,1,FALSE
-42.38333,-22.5,91,0,1,FALSE
-42.304444,-22.544028,15,0,1,FALSE
-42.292397,-22.937641,0,4,1,FALSE
-42.263883,-22.32395,6,0,1,FALSE
-42.247778,-22.5825,3,0,1,FALSE
-42.246111,-22.580503,4,0,1,FALSE
-42.238333,-22.859167,0,3,1,FALSE
-42.047183,-22.421778,0,26,1,FALSE
-42.0464,-22.54815,5,0,1,FALSE
-41.931636,-22.804856,0,1,1,FALSE
-41.919983,-21.878417,4,0,1,FALSE
-41.846883,-21.475533,1,0,1,FALSE
-41.84374722,-20.41793889,0,35,1,FALSE
-41.82306667,-20.49502778,0,6,1,FALSE
-41.74221111,-20.49504444,0,24,1,FALSE
-41.664975,-22.276078,6,0,1,FALSE
-41.662676,-22.2781,22,0,1,FALSE
-41.661133,-22.278133,4,0,1,FALSE
-41.031983,-21.735533,4,0,1,FALSE
-41.02029722,-20.39838889,0,14,1,FALSE
-40.970231,-21.232122,10,0,1,FALSE
-40.458369,-20.590869,0,21,1,FALSE
-40.4325,-20.629722,3,0,1,FALSE
-40.423752,-20.595417,0,1,1,FALSE
-40.423639,-20.596806,0,1,1,FALSE
-40.423333,-20.595861,0,1,1,FALSE
-40.423167,-20.596611,0,2,1,FALSE
-40.422194,-20.596194,0,3,1,FALSE
-40.416667,-20.586417,0,1,1,FALSE
-40.415583,-20.587667,0,1,1,FALSE
-40.410139,-20.586444,0,1,1,FALSE
-40.15262778,-19.03415833,0,15,1,FALSE
-40.114444,-19.015,0,2,1,FALSE
-39.746772,-18.708027,4,0,1,FALSE
-39.70974167,-18.42649444,0,2,1,FALSE
-39.5066,-15.800524,0,3,1,FALSE
-39.382412,-15.728039,0,1,1,FALSE
-39.375253,-15.985593,0,4,1,FALSE
-39.369574,-15.792944,0,2,1,FALSE
-39.354754,-15.866612,0,7,1,FALSE
-39.325003,-15.95209,0,2,1,FALSE
-39.243959,-15.818562,0,4,1,FALSE
-39.221283,-17.3042,1,0,1,FALSE
-39.195871,-15.349397,0,1,1,FALSE
-39.195235,-15.297331,0,2,1,FALSE
-39.14374,-15.209971,0,1,1,FALSE
-39.123508,-15.128903,0,8,1,FALSE
-39.1028,-16.65549,4,0,1,FALSE
-39.092127,-15.180325,0,5,1,FALSE
-39.089116,-15.258441,0,2,1,FALSE
-39.078058,-15.249721,0,2,1,FALSE
-35.746496,-6.968757,0,110,1,FALSE
-35.18,-5.92,0,34,1,FALSE
-35.177922,-6.725132,4,12,1,TRUE
-35.144167,-6.741389,0,30,1,FALSE
-35.139925,-6.741965,41,0,1,FALSE
-35.126,-6.700556,0,13,1,FALSE
-35.08559,-6.805421,0,17,1,FALSE
-34.95615,-7.988219,0,17,1,FALSE
-34.9532021832,-7.9964573463,0,73,1,FALSE
-34.9505362415,-8.0050982416,0,6,1,FALSE
-34.9445366915,-7.9938007267,0,65,1,FALSE
-34.9418676147,-8.0024407527,0,61,1,FALSE
-34.854425,-7.063873,0,4,1,FALSE
