tree_name,pct_per_decade_wing,pct_per_decade_mass,spp
Arremon_flavirostris,-0.502956899930795,0.345925086821519,Arremon_flavirostris
Arremon_taciturnus,-5.63814890842819,-4.12956766639959,Arremon_taciturnus
Asemospiza_fuliginosa,-4.4921041868657,-0.00419040127096482,Tiaris_fuliginosus
Ceratopipra_rubrocapilla,-2.02219783604519,1.18930588482498,Ceratopipra_rubrocapilla
Chiroxiphia_caudata,-1.77142887231498,-3.30495888162959,Chiroxiphia_caudata
Chiroxiphia_galeata,-0.117837584780578,1.27015256687566,Antilophia_galeata
Chiroxiphia_pareola,4.72528715460971,1.86996939392952,Chiroxiphia_pareola
Coereba_flaveola,-1.64025210125713,-3.90645309958041,Coereba_flaveola
Conopophaga_cearae,0.11845898456857,-0.0165948675251437,Conopophaga_cearae
Conopophaga_lineata,-0.944142615733012,0.943582225441997,Conopophaga_lineata
Conopophaga_melanops,-1.2996455892088,0.168759285700149,Conopophaga_melanops
Coryphospingus_cucullatus,0.388580813268535,2.09750796005834,Coryphospingus_cucullatus
Coryphospingus_pileatus,0.729399162438638,-0.215723162481185,Coryphospingus_pileatus
Cyanerpes_cyaneus,0.181894940346439,-0.846434956691455,Cyanerpes_cyaneus
Dacnis_cayana,-1.62409827006937,-4.37241922181556,Dacnis_cayana
Drymophila_malura,8.66829829401286,0.27674177296888,Drymophila_malura
Drymophila_squamata,-0.198741594122598,0.0898724247373695,Drymophila_squamata
Dysithamnus_mentalis,0.667433337945211,0.764942755601705,Dysithamnus_mentalis
Euphonia_chlorotica,2.28041073260048,1.04486159970674,Euphonia_chlorotica
Euphonia_pectoralis,0.468846572344872,-1.15902658335345,Euphonia_pectoralis
Euphonia_violacea,-0.746823164937382,0.86535605619531,Euphonia_violacea
Formicivora_grisea,-2.28112549923495,-2.5453910842152,Formicivora_grisea
Formicivora_rufa,1.13242305786032,-0.265058185124922,Formicivora_rufa
Geothlypis_aequinoctialis,-1.68782671253204,0.0471699666916736,Geothlypis_aequinoctialis
Habia_rubica,-1.72939785529515,-1.74257062516328,Habia_rubica
Haplospiza_unicolor,-3.83154286438133,1.35478523247858,Haplospiza_unicolor
Herpsilochmus_atricapillus,-0.151253553290098,-0.668209459103009,Herpsilochmus_atricapillus
Ilicura_militaris,-1.80079354764532,-0.598884779278075,Ilicura_militaris
Knipolegus_cyanirostris,1.89381371457513,0.446939027378779,Knipolegus_cyanirostris
Loriotus_cristatus,-0.602591581043088,-0.0342721379041233,Tachyphonus_cristatus
Machaeropterus_regulus,-1.04724290387029,-0.394631902545384,Machaeropterus_regulus
Manacus_manacus,-0.525799449730147,-1.99644181903711,Manacus_manacus
Microspingus_cabanisi,0.894761927683785,0.152110242037673,Microspingus_cabanisi
Molothrus_bonariensis,-7.55487821519593,-2.13444627898215,Molothrus_bonariensis
Myiobius_barbatus,2.70984982061253,1.45607721052639,Myiobius_barbatus
Myiothlypis_leucoblephara,-0.2745918226295,-1.48586891046861,Myiothlypis_leucoblephara
Myrmoderus_squamosus,0.963399611692095,0.743253369346419,Myrmoderus_squamosus
Myrmotherula_axillaris,-0.0632579379772125,1.03626308973088,Myrmotherula_axillaris
Myrmotherula_unicolor,-1.15216117177277,-0.430372337619789,Myrmotherula_unicolor
Pachyramphus_polychopterus,-0.411201023765972,0.258087389686201,Pachyramphus_polychopterus
Passer_domesticus,-2.79781106779741,-1.27891359265826,Passer_domesticus
Pipra_fasciicauda,1.03178604048348,1.38273468307946,Pipra_fasciicauda
Platyrinchus_mystaceus,-1.00055146198877,-1.29346512113807,Platyrinchus_mystaceus
Polioptila_plumbea,-0.683173792745162,-0.607439969564172,Polioptila_plumbea
Pyriglena_leuconota,-7.14133736527247,-2.05633203141021,Pyriglena_pernambucensis
Pyriglena_leucoptera,-0.885146831914718,0.198664849579155,Pyriglena_leucoptera
Ramphocelus_bresilius,1.65818604388122,0.508477248955042,Ramphocelus_bresilius
Rhopias_gularis,-1.43311275149209,0.314830924606002,Rhopias_gularis
Sicalis_flaveola,-6.81804393242977,2.23918539160823,Sicalis_flaveola
Sporophila_caerulescens,-0.126159464761533,-1.47860844881725,Sporophila_caerulescens
Stephanophorus_diadematus,-1.92575394406909,-1.58694390704575,Stephanophorus_diadematus
Stilpnia_cayana,-0.855883658092904,-2.09792014052614,Tangara_cayana
Stilpnia_peruviana,-0.180817360902141,-1.06379163737863,Tangara_peruviana
Tachyphonus_coronatus,-0.482966631017268,-2.6319659860877,Tachyphonus_coronatus
Tachyphonus_rufus,-2.33045977881948,-0.0280444073712194,Tachyphonus_rufus
Tangara_seledon,-2.91547999934164,0.932534420919717,Tangara_seledon
Taraba_major,-2.56210337561532,-0.820363410607527,Taraba_major
Thamnophilus_ambiguus,-1.41979942646507,-0.145854954474423,Thamnophilus_ambiguus
Thamnophilus_caerulescens,-2.12085830100478,1.49228215782689,Thamnophilus_caerulescens
Thamnophilus_doliatus,-0.367874073477359,-1.52029907189031,Thamnophilus_doliatus
Thamnophilus_pelzelni,1.36695920127763,-1.24933600035556,Thamnophilus_pelzelni
Thamnophilus_torquatus,-0.114731901010434,-1.19754200448667,Thamnophilus_torquatus
Thlypopsis_pyrrhocoma,3.87388687676338,0.165498618796089,Pyrrhocoma_ruficeps
Thraupis_sayaca,-1.37843007464892,-0.307908081008423,Tangara_sayaca
Trichothraupis_melanops,-0.807968617592481,-0.648026415793523,Trichothraupis_melanops
Turdus_amaurochalinus,-2.22248648097343,-2.13845008672106,Turdus_amaurochalinus
Turdus_flavipes,-2.07708539857376,-2.98506827670852,Turdus_flavipes
Turdus_leucomelas,0.78438290017453,-1.65904761192788,Turdus_leucomelas
Turdus_nigriceps,-2.95754488180775,-0.855553978570223,Turdus_nigriceps
Turdus_rufiventris,1.24261794746126,-0.412684272765074,Turdus_rufiventris
Volatinia_jacarina,-4.00306042232806,-0.490750614351387,Volatinia_jacarina
Zonotrichia_capensis,0.00972675078452223,1.09036107958616,Zonotrichia_capensis
