"model","year","estimate","se","lo","hi","trees","n_records"
"M0",1995,1.77571156058806,1.34820418259482,-0.866768637297783,4.41819175847391,49,19
"M0",1996,2.64203555799309,0.928518920767989,0.822138473287836,4.46193264269835,49,62
"M0",1997,1.32332987057803,0.839546015138926,-0.32218031909427,2.96884006025032,49,76
"M0",1998,2.04367075489214,0.912357264751686,0.255450515978831,3.83189099380544,49,51
"M0",1999,1.95565966638335,0.692746012646452,0.597877481596305,3.3134418511704,49,118
"M0",2000,1.58356145513292,0.838756816853675,-0.0604019059002858,3.22752481616612,49,48
"M0",2001,1.17332759430569,0.54587812431025,0.103406470657602,2.24324871795378,49,228
"M0",2002,0.808051624543331,0.466891293642221,-0.107055310995422,1.72315856008208,49,340
"M0",2003,0.630716590966134,0.482618562199679,-0.315215790945237,1.5766489728775,49,188
"M0",2004,0.789079162795048,0.399745136489064,0.00557869527648325,1.57257963031361,49,297
"M0",2005,0.782602580203141,0.352721666568154,0.0912681137295581,1.47393704667672,49,321
"M0",2006,0.989135021581479,0.265896309651484,0.46797825466457,1.51029178849839,49,622
"M0",2007,1.05893221430193,0.356309713731017,0.360565175389139,1.75729925321473,49,201
"M0",2008,-0.11979864425271,0.320842037698498,-0.748649038141766,0.509051749636347,49,257
"M0",2009,-0.175656353450247,0.261581526119633,-0.688356144644727,0.337043437744233,49,350
"M0",2010,0.430358379275784,0.142050081015119,0.151940220486151,0.708776538065417,49,1067
"M0",2011,-0.129034462174132,0.212678500273978,-0.54588432271113,0.287815398362866,49,582
"M0",2012,0.291668653553345,0.19935094733316,-0.0990592032196492,0.682396510326339,49,781
"M0",2013,-0.00652148221715827,0.258027365770286,-0.512255119126919,0.499212154692602,49,484
"M0",2014,-0.0703113460920203,0.306987928729865,-0.672007686402556,0.531384994218516,49,430
"M0",2015,-0.580321762204532,0.30296594862117,-1.17413502150203,0.0134914970929617,49,740
"M0",2016,-2.3373800743042,0.354160868014732,-3.03153537561307,-1.64322477299533,49,568
"M0",2017,-2.22803258057428,0.390930726400194,-2.99425680431866,-1.4618083568299,49,636
"M0",2018,0.354612701328851,1.40928360963453,-2.40758317355482,3.11680857621252,49,12
"M3",1995,0.664584668052601,1.66002990107122,-2.58907393804699,3.9182432741522,50,19
"M3",1996,0.190381869513218,0.9078485890265,-1.58900136497872,1.96976510400516,50,62
"M3",1997,1.38583317793551,0.936448820309284,-0.449606509870689,3.22127286574171,50,76
"M3",1998,2.19858673843564,1.02097239636289,0.197480841564375,4.1996926353069,50,51
"M3",1999,1.12083102612231,0.872322366803555,-0.588920812812661,2.83058286505727,50,118
"M3",2000,0.747176357871678,0.95250415403237,-1.11973178403177,2.61408449977512,50,48
"M3",2001,0.673521553673398,0.539645130683764,-0.384182902466779,1.73122600981357,50,228
"M3",2002,0.238920148596398,0.431773668850644,-0.607356242350865,1.08519653954366,50,340
"M3",2003,0.316891899899627,0.432217065959341,-0.530253549380682,1.16403734917993,50,188
"M3",2004,0.29673272133574,0.381407512745322,-0.45082600364509,1.04429144631657,50,297
"M3",2005,0.052332659621857,0.380985021186666,-0.694397981904009,0.799063301147723,50,321
"M3",2006,0.264167909919066,0.310519711706957,-0.34445072502657,0.872786544864702,50,622
"M3",2007,0.494325359349823,0.418618811192451,-0.326167510587382,1.31481822928703,50,201
"M3",2008,0.293614655424692,0.371822150204797,-0.43515675897671,1.02238606982609,50,257
"M3",2009,0.257332318093278,0.285813620693608,-0.302862378466193,0.817527014652749,50,350
"M3",2010,0.275266507680523,0.193684946463316,-0.104355987387577,0.654889002748623,50,1067
"M3",2011,-0.0548826904282981,0.228672504511745,-0.503080799271318,0.393315418414722,50,582
"M3",2012,0.0965163542827165,0.224086058108517,-0.342692319609976,0.535725028175409,50,781
"M3",2013,-0.306358110317813,0.274940572199286,-0.845241631828413,0.232525411192788,50,484
"M3",2014,-0.0677265872994098,0.298582766679909,-0.652948809992032,0.517495635393212,50,430
"M3",2015,-0.694391373336751,0.304960212133365,-1.29211338911815,-0.0966693575553557,50,740
"M3",2016,-1.07760141943257,0.337289673144005,-1.73868917879482,-0.416513660070319,50,568
"M3",2017,-0.43309669143822,0.361519961083726,-1.14167581516232,0.275482432285884,50,636
"M3",2018,0.260670891214595,1.33979100178009,-2.36531947227438,2.88666125470357,50,12
