model,spp,ranef_yr,se_ranef,slope,fixed,se_fixed,se_total,lo,hi,mm_per_decade,mm_per_decade_lo,mm_per_decade_hi,n,yr_min,yr_max,n_src,n_site,mean_wing,pct_per_decade
M3,Tiaris_fuliginosus,-5.56923583696689,0.602542684092006,-5.9396463403284,-0.370410503361508,0.206499745093641,0.636945704810494,-7.18805992175697,-4.69123275889983,-11.8321413334967,-14.3190580776513,-9.34522458934204,29,1997,2016,11,13,58.5,-20.2258826213619
M3,Molothrus_bonariensis,-3.33611185643262,0.880782198834754,-3.70652235979413,-0.370410503361508,0.206499745093641,0.904665367142969,-5.47966647939435,-1.93337824019391,-7.38362082588659,-10.9158331202988,-3.85140853147439,30,1998,2014,5,5,104.37,-7.07446663398159
M3,Pyriglena_pernambucensis,-2.98091271714543,0.917563400504016,-3.35132322050693,-0.370410503361508,0.206499745093641,0.94051301887227,-5.19472873749658,-1.50791770351728,-6.67604226366698,-10.3482195890872,-3.00386493824678,39,2007,2017,3,2,75.625641025641,-8.82774965359098
M3,Arremon_taciturnus,-1.92204493489273,0.626580978305531,-2.29245543825424,-0.370410503361508,0.206499745093641,0.659731662949456,-3.58552949763517,-0.999381378873304,-4.56671242562019,-7.14259559250039,-1.99082925874,114,2005,2017,7,9,71.2078947368421,-6.41321084199591
M3,Tangara_seledon,-1.33551912689533,0.609125234712312,-1.70592963025684,-0.370410503361508,0.206499745093641,0.643176256003801,-2.96655509202429,-0.445304168489387,-3.39831689189135,-5.9095604538123,-0.887073329970406,43,2003,2017,6,7,70.3476744186047,-4.83074518095599
M3,Turdus_flavipes,-1.05054887849685,0.319183800802709,-1.42095938185836,-0.370410503361508,0.206499745093641,0.380158445149654,-2.16606993435168,-0.675848829365038,-2.83063860572827,-4.31494471774728,-1.34633249370926,119,1995,2017,12,24,109.306722689076,-2.58962901465819
M3,Taraba_major,-1.02616730956317,0.755687651990821,-1.39657781292468,-0.370410503361508,0.206499745093641,0.783393880557627,-2.93202981881763,0.138874192968271,-2.78206901874849,-5.84078398316873,0.276645945671745,41,1999,2017,7,16,90.9731707317073,-3.05812031874013
M3,Stephanophorus_diadematus,-1.01302753897097,0.563777199369374,-1.38343804233248,-0.370410503361508,0.206499745093641,0.600405592289507,-2.56023300321991,-0.206643081445045,-2.75589378644871,-5.10014182748561,-0.411645745411814,29,2001,2017,5,5,92.3413793103448,-2.98446244471461
M3,Turdus_amaurochalinus,-0.832007304940193,0.478228375002764,-1.2024178083017,-0.370410503361508,0.206499745093641,0.520907403845945,-2.22339631983975,-0.181439296763648,-2.3952903312005,-4.42914240837878,-0.361438254022215,90,2001,2017,10,11,110.96,-2.15869712617204
M3,Turdus_nigriceps,-0.694061977866662,0.859568339362032,-1.06447248122817,-0.370410503361508,0.206499745093641,0.884024815690906,-2.79716111998235,0.668216157526005,-2.12049474360004,-5.57211722850878,1.33112774130869,29,1997,2017,8,9,107.137931034483,-1.97921942595434
M3,Volatinia_jacarina,-0.669503068759699,0.574710120101488,-1.03991357212121,-0.370410503361508,0.206499745093641,0.61068311493835,-2.23685247740037,0.157025333157959,-2.07157188407268,-4.45594790300597,0.312804134860604,79,1999,2018,13,16,50.3253164556962,-4.11636136634409
M3,Conopophaga_melanops,-0.518295416874752,0.246871961989715,-0.88870592023626,-0.370410503361508,0.206499745093641,0.321850757868286,-1.5195334056581,-0.25787843481442,-1.77035692861964,-3.02700413232383,-0.513709724915445,215,1995,2017,16,27,64.6128372093023,-2.73994612384048
M3,Antilophia_galeata,-0.514768709041638,0.808656117766669,-0.885179212403146,-0.370410503361508,0.206499745093641,0.83460581206052,-2.52100660404176,0.750648179235473,-1.7633315094057,-5.02200042436389,1.4953374055525,60,2007,2017,5,9,79.8616666666667,-2.20798235624813
M3,Tachyphonus_rufus,-0.493643799161099,0.563880749960641,-0.864054302522607,-0.370410503361508,0.206499745093641,0.600502826721002,-2.04103984289577,0.312931237850558,-1.72124938783782,-4.0658770749481,0.623378299272469,551,2006,2017,7,7,86.5722323049002,-1.98822340837385
M3,Tangara_sayaca,-0.464103541384443,1.05308184374595,-0.834514044745951,-0.370410503361508,0.206499745093641,1.0731372299716,-2.93786301549028,1.26883492599838,-1.66240337495854,-5.85240407020796,2.52759732029088,27,2003,2016,6,7,88.3444444444445,-1.88172938933805
M3,Passer_domesticus,-0.386785698380032,0.926842694708404,-0.75719620174154,-0.370410503361508,0.206499745093641,0.949568073103806,-2.618349625025,1.10395722154192,-1.50838146967811,-5.21591371753136,2.19915077817514,10,2002,2018,4,4,75.1,-2.0084972965088
M3,Formicivora_grisea,-0.374365939839554,0.809670843468558,-0.744776443201062,-0.370410503361508,0.206499745093641,0.835589025470551,-2.38253093312334,0.892978046721218,-1.48364054573099,-4.74614835916047,1.77886726769848,79,2006,2017,6,10,53.9417721518987,-2.75044828255382
M3,Ilicura_militaris,-0.369260324827647,0.638270171460224,-0.739670828189155,-0.370410503361508,0.206499745093641,0.670843466465615,-2.05452402246176,0.575182366083451,-1.47346984617181,-4.09273839113586,1.14579869879225,22,2002,2017,9,12,59.0409090909091,-2.49567608097465
M3,Geothlypis_aequinoctialis,-0.314638327837987,0.28713211784978,-0.685048831199494,-0.370410503361508,0.206499745093641,0.353676402696927,-1.37825458048547,0.00815691808648222,-1.36465946399276,-2.74556801119941,0.0162490832138798,354,1995,2017,14,19,56.1634180790961,-2.42980130246148
M3,Ceratopipra_rubrocapilla,-0.302052324562896,0.551968291957803,-0.672462827924404,-0.370410503361508,0.206499745093641,0.589331095438339,-1.82755177498355,0.482626119134741,-1.33958737029526,-3.6405956949101,0.961420954319568,121,1995,2017,7,11,62.3086776859504,-2.14992103836175
M3,Thamnophilus_ambiguus,-0.295016489814414,0.565906367820765,-0.665426993175922,-0.370410503361508,0.206499745093641,0.602405313608562,-1.8461414078487,0.515287421496859,-1.32557155413834,-3.6776273885153,1.02648428023861,70,1995,2016,4,14,68.4757142857143,-1.93582727535694
M3,Habia_rubica,-0.282557810621558,0.296581843004538,-0.652968313983066,-0.370410503361508,0.206499745093641,0.361390279785867,-1.36129326236336,0.055356634397232,-1.30075309785456,-2.71178002085046,0.110273825141337,225,1995,2018,24,40,92.1494222222222,-1.41156945587542
M3,Machaeropterus_regulus,-0.268278305887742,0.940116563850806,-0.63868880924925,-0.370410503361508,0.206499745093641,0.962528596120856,-2.52524485764613,1.24786723914763,-1.27230744494831,-5.03044328657835,2.48582839668173,31,2008,2017,3,6,52.5190322580645,-2.42256452612557
M3,Thamnophilus_doliatus,-0.193515212236425,0.995742714591562,-0.563925715597933,-0.370410503361508,0.206499745093641,1.01692954445523,-2.55710762273017,1.42925619153431,-1.12337475772658,-5.09391587705747,2.84716636160431,24,2007,2017,7,9,73.8125,-1.52193023908766
M3,Chiroxiphia_caudata,-0.168671665495315,0.183312222248419,-0.539082168856823,-0.370410503361508,0.206499745093641,0.276125905248661,-1.0802889431442,0.00212460543055137,-1.07388488250113,-2.15200210987464,0.00423234487237308,576,1996,2018,23,51,74.43234375,-1.44276644855904
M3,Trichothraupis_melanops,-0.111824802764551,0.190542131730564,-0.482235306126059,-0.370410503361508,0.206499745093641,0.28097766581735,-1.03295153112806,0.0684809188759473,-0.960642430736051,-2.05770306962137,0.136418208149263,463,1995,2018,23,48,80.9872570194385,-1.18616491790243
M3,Dacnis_cayana,-0.102655821368366,0.482784786065762,-0.473066324729874,-0.370410503361508,0.206499745093641,0.5250936053508,-1.50224979121744,0.556117141757694,-0.942377255076138,-2.99257410785806,1.10781959770579,90,1997,2016,15,21,64.0777777777778,-1.47067717976162
M3,Coereba_flaveola,-0.0796559988523564,0.997663370726743,-0.450066502213864,-0.370410503361508,0.206499745093641,1.01881026006494,-2.44693461194114,1.54680160751341,-0.896560192062296,-4.87444445399618,3.08132406987158,21,2003,2017,4,4,54.8476190476191,-1.63463830815317
M3,Pachyramphus_polychopterus,-0.0553363383496132,0.700798564347901,-0.425746841711121,-0.370410503361508,0.206499745093641,0.730589332330973,-1.85770193307983,1.00620824965759,-0.848113930489893,-3.7006566667899,2.00442880581012,31,1998,2016,11,17,75.4741935483871,-1.12371380284595
M3,Euphonia_violacea,-0.0432523760393886,0.403094975604493,-0.413662879400896,-0.370410503361508,0.206499745093641,0.452910260516722,-1.30136699001367,0.474041231211879,-0.824041933315172,-2.59240319546325,0.944319328832904,144,1995,2017,16,23,60.0529166666667,-1.37219302417757
M3,Tangara_cayana,-0.00693631840490479,0.530602962786433,-0.377346821766413,-0.370410503361508,0.206499745093641,0.569369518714762,-1.49331107844735,0.738617434914521,-0.751698109796739,-2.97476764148359,1.47137142189011,270,1999,2017,12,13,72.169962962963,-1.04156643419992
M3,Haplospiza_unicolor,-0.000480916660204585,0.311455355918669,-0.370891420021712,-0.370410503361508,0.206499745093641,0.373693167524058,-1.10333002836887,0.361547188325441,-0.738838551932294,-2.19790137074551,0.72022426688092,402,1998,2017,14,30,62.0753731343284,-1.19022812852607
M3,Pyriglena_leucoptera,0.00290567900820926,0.232295416515717,-0.367504824353299,-0.370410503361508,0.206499745093641,0.310810722559485,-0.976693840569889,0.241684191863292,-0.732092244779962,-1.94563428511127,0.481449795551345,341,1996,2017,22,40,77.6395307917889,-0.942937492426716
M3,Rhopias_gularis,0.0252288859437383,0.553946422851058,-0.34518161741777,-0.370410503361508,0.206499745093641,0.591184221806724,-1.50390269215895,0.81353945732341,-0.687623041675275,-2.99586678833592,1.62062070498537,64,2001,2017,11,16,53.23515625,-1.29167093723948
M3,Arremon_flavirostris,0.0509373677577319,0.995451808861062,-0.319473135603776,-0.370410503361508,0.206499745093641,1.01664470120515,-2.31209674996586,1.67315047875831,-0.636410162513183,-4.6058391282606,3.33301880323423,68,2010,2018,5,7,75.9617647058824,-0.837803288242855
M3,Polioptila_plumbea,0.0650150433239816,1.22852134487272,-0.305395460037526,-0.370410503361508,0.206499745093641,1.24575552960106,-2.74707629805559,2.13628537798054,-0.608366565739411,-5.47234517850023,4.25561204702141,11,2006,2013,3,4,49.8181818181818,-1.22117376334553
M3,Myrmotherula_unicolor,0.110434725190544,0.466235679990197,-0.259975778170964,-0.370410503361508,0.206499745093641,0.509919458365397,-1.25941791656714,0.739466360225215,-0.517887762057321,-2.50883805750907,1.47306253339443,41,1996,2017,11,14,47.8029268292683,-1.08338086474704
M3,Manacus_manacus,0.114233515809705,0.235531660628837,-0.256176987551803,-0.370410503361508,0.206499745093641,0.313236823956437,-0.87012116250642,0.357767187402815,-0.510320337175961,-1.73333494658424,0.712694272232317,309,1996,2017,21,31,52.3960841423948,-0.973966557861619
M3,Herpsilochmus_atricapillus,0.120479049324106,1.21291091539616,-0.249931454037402,-0.370410503361508,0.206499745093641,1.23036378092452,-2.66144446464946,2.16158155657466,-0.497878849752082,-5.30176129227986,4.3060035927757,33,2008,2013,3,3,50.2575757575758,-0.99065432871985
M3,Formicivora_rufa,0.120921797258655,0.698685174832512,-0.249488706102853,-0.370410503361508,0.206499745093641,0.728562364011809,-1.677470939566,1.17849352736029,-0.496996868597561,-3.34162542726087,2.34763169006575,40,1999,2012,2,3,49.8375,-0.997234750133054
M3,Tachyphonus_coronatus,0.125556711495485,0.205820788002086,-0.244853791866023,-0.370410503361508,0.206499745093641,0.291555040254046,-0.816301670763953,0.326594087031907,-0.487763833972846,-1.626123204284,0.65059553633831,472,1996,2017,25,56,81.9291737288136,-0.595348166926899
M3,Conopophaga_lineata,0.176432170559827,0.29003511743901,-0.193978332801681,-0.370410503361508,0.206499745093641,0.35603723691715,-0.891811317159294,0.503854651555933,-0.386416786090776,-1.77654307055211,1.00370949837056,334,1999,2018,21,36,70.6868263473054,-0.546660256314515
M3,Thamnophilus_caerulescens,0.203116176911685,0.286390944581819,-0.167294326449823,-0.370410503361508,0.206499745093641,0.35307494652298,-0.859321221634864,0.524732568735218,-0.33326060196658,-1.71182079919839,1.04529959526523,199,1996,2017,21,33,68.5758793969849,-0.485973501028457
M3,Platyrinchus_mystaceus,0.223421488817118,0.328726415195748,-0.14698901454439,-0.370410503361508,0.206499745093641,0.388205101423444,-0.90787101333434,0.613892984245559,-0.292811170044253,-1.8085349744515,1.22291263436299,231,1996,2017,20,31,53.6242424242424,-0.546042530032795
M3,Ramphocelus_bresilius,0.229847225188066,0.353037602066126,-0.140563278173442,-0.370410503361508,0.206499745093641,0.408995957432759,-0.942195354741649,0.661068798394766,-0.280010707431415,-1.87691117657535,1.31688976171252,96,1995,2017,7,17,79.6432291666667,-0.351581308745589
M3,Myrmotherula_axillaris,0.288137005778761,0.440831862181448,-0.0822734975827469,-0.370410503361508,0.206499745093641,0.486800652668114,-1.03640277681225,0.871855781646757,-0.163893874419859,-2.06457816358692,1.7367904147472,102,1995,2017,9,15,51.081568627451,-0.320847379639363
M3,Turdus_rufiventris,0.294076919430675,0.569728702997622,-0.0763335839308328,-0.370410503361508,0.206499745093641,0.605997475030294,-1.26408863499021,1.11142146712854,-0.15206120058522,-2.51814241627795,2.21402001510751,44,2001,2017,7,9,110.004545454545,-0.138231743021976
M3,Drymophila_squamata,0.324302580587615,0.391478727736666,-0.0461079227738934,-0.370410503361508,0.206499745093641,0.442603365321658,-0.913610518804343,0.821394673256557,-0.0918498219583379,-1.81996842284461,1.63626877892793,56,1995,2017,8,11,52.9035714285714,-0.173617431636634
M3,Tachyphonus_cristatus,0.329027501516089,0.505177738372872,-0.0413830018454189,-0.370410503361508,0.206499745093641,0.545753325295658,-1.11105951942491,1.02829351573407,-0.0824374884603446,-2.21329899298947,2.04842401606878,50,1996,2017,9,11,74.359,-0.11086417039006
M3,Coryphospingus_cucullatus,0.397644601669054,0.564653230979367,0.0272340983075463,-0.370410503361508,0.206499745093641,0.601228256138363,-1.15117328372364,1.20564148033874,0.0542520011801602,-2.29320808208432,2.40171208444464,76,2002,2017,12,17,62.071052631579,0.0874030629094878
M3,Euphonia_pectoralis,0.430385998979277,0.469235128092273,0.0599754956177689,-0.370410503361508,0.206499745093641,0.512663388745004,-0.944844746322438,1.06479573755798,0.119474881168887,-1.88218892778064,2.12113869011841,63,1997,2017,9,14,62.2365079365079,0.191969127334028
M3,Conopophaga_cearae,0.468848076626798,0.810956794870331,0.0984375732652904,-0.370410503361508,0.206499745093641,0.836835149757764,-1.54175932025993,1.73863446679051,0.196093708726933,-3.07127952310754,3.4634669405614,51,2008,2017,1,2,69.0098039215686,0.284153406593936
M3,Myiothlypis_leucoblephara,0.476403300638747,0.684432274745861,0.105992797277239,-0.370410503361508,0.206499745093641,0.714905366770688,-1.29522172159331,1.50720731614779,0.211144180285928,-2.58016144228204,3.00244980285389,28,2002,2017,4,5,64.8642857142857,0.325516851007928
M3,Tangara_peruviana,0.525869683801458,0.657263816350149,0.15545918043995,-0.370410503361508,0.206499745093641,0.688939670077795,-1.19486257291253,1.50578093379243,0.309684262186788,-2.38023983697737,2.99960836135095,27,1997,2016,3,7,73.4962962962963,0.421360364797585
M3,Pipra_fasciicauda,0.527942292067781,0.580070671897907,0.157531788706273,-0.370410503361508,0.206499745093641,0.615730565361041,-1.04930011940137,1.36436369681391,0.313813025505505,-2.09027046437339,2.7178965153844,119,2002,2016,3,9,64.8949579831933,0.483570735320882
M3,Zonotrichia_capensis,0.58041957572679,0.522455528768915,0.210009072365282,-0.370410503361508,0.206499745093641,0.561784588846068,-0.89108872177301,1.31110686650358,0.41835100663673,-1.77510361603789,2.61180562931135,56,1997,2017,8,10,66.1642857142857,0.632291276359086
M3,Sicalis_flaveola,0.610978005672956,0.671176862405053,0.240567502311448,-0.370410503361508,0.206499745093641,0.702225409218173,-1.13579429975617,1.61692930437907,0.479225281187022,-2.26257219882756,3.22102276120161,113,2003,2017,8,9,56.3100884955752,0.851046933134688
M3,Dysithamnus_mentalis,0.631124621202886,0.25274170371657,0.260714117841378,-0.370410503361508,0.206499745093641,0.326374805279594,-0.378980500506627,0.900408736189383,0.519358580155218,-0.754952498465724,1.79366965877616,266,1996,2018,25,43,58.3639097744361,0.889862557464753
M3,Thamnophilus_torquatus,0.660848189456335,0.606028033662482,0.290437686094828,-0.370410503361508,0.206499745093641,0.640243799117612,-0.964440160175693,1.54531553236535,0.578569758794383,-1.92122419906032,3.07836371664908,50,1998,2016,12,15,66.686,0.867603033311914
M3,Cyanerpes_cyaneus,0.689176611919501,0.680698604073793,0.318766108557993,-0.370410503361508,0.206499745093641,0.711331662666403,-1.07544395026816,1.71297616738414,0.635001721092098,-2.14235058566185,3.41235402784604,62,1999,2017,5,8,62.1548387096774,1.02164486993227
M3,Coryphospingus_pileatus,0.853017769284061,0.869125880537483,0.482607265922553,-0.370410503361508,0.206499745093641,0.89332073800164,-1.26830138056066,2.23351591240577,0.961383397559718,-2.52653446491782,4.44930126003726,13,1999,2012,2,5,62.4153846153846,1.54029876365249
M3,Myrmoderus_squamosus,0.857618852122332,0.444927722946642,0.487208348760824,-0.370410503361508,0.206499745093641,0.490512816723704,-0.474196772017636,1.44861346953928,0.970549037954823,-0.944629175697751,2.8857272516074,72,2001,2017,14,16,60.2116666666667,1.61189532142966
M3,Sporophila_caerulescens,0.872681321252346,0.591633010392714,0.502270817890838,-0.370410503361508,0.206499745093641,0.6266352716773,-0.725934314596671,1.73047595037835,1.00055440416117,-1.44610586506199,3.44721467338433,89,1997,2016,10,14,56.3898876404494,1.7743507675363
M3,Euphonia_chlorotica,0.956053753704424,0.875037572724354,0.585643250342917,-0.370410503361508,0.206499745093641,0.899073355407148,-1.17654052625509,2.34782702694093,1.16663742452428,-2.34374119157861,4.67701604062717,21,1999,2017,7,8,58.8066666666667,1.98385232602473
M3,Thamnophilus_pelzelni,1.00137392081679,0.953028399384624,0.630963417455285,-0.370410503361508,0.206499745093641,0.975143720052258,-1.28031827384714,2.54224510875771,1.25691798868689,-2.55047285646645,5.06430883384023,44,2005,2017,5,6,68.1363636363636,1.84470952308949
M3,Microspingus_cabanisi,1.09171693948743,0.536931903681946,0.721306436125922,-0.370410503361508,0.206499745093641,0.575272121621809,-0.406226922252824,1.84883979450467,1.43688684611664,-0.809229048694678,3.68300274092796,41,2002,2016,3,3,66.0073170731707,2.17685994497218
M3,Myiobius_barbatus,1.105635548355,0.620963926545933,0.73522504499349,-0.370410503361508,0.206499745093641,0.654399222795291,-0.547397431685281,2.01784752167226,1.4646135722297,-1.0904493981935,4.0196765426529,25,1995,2017,7,8,62.236,2.35332214832203
M3,Turdus_leucomelas,1.43743315583056,0.986327530933855,1.06702265246905,-0.370410503361508,0.206499745093641,1.00771233147254,-0.908093517217121,3.04213882215522,2.12557484177724,-1.80897821589004,6.06012789944452,106,2010,2017,4,5,117.901886792453,1.8028336098802
M3,Knipolegus_cyanirostris,1.48446366190342,0.566826906115908,1.11405315854191,-0.370410503361508,0.206499745093641,0.6032701602273,-0.0683563555035947,2.29646267258742,2.21926250648915,-0.136170070239663,4.57469508321796,47,2002,2017,7,10,72.8851063829787,3.04487791350391
M3,Pyrrhocoma_ruficeps,2.14707176010794,1.10733024718669,1.77666125674644,-0.370410503361508,0.206499745093641,1.12642017962139,-0.431122295311479,3.98444480880435,3.53921864822837,-0.858822165136666,7.93725946159341,39,2010,2017,4,4,62.1538461538462,5.6942874290803
M3,Chiroxiphia_pareola,2.1934329556361,0.580018097332392,1.8230224522746,-0.370410503361508,0.206499745093641,0.615681035891822,0.616287621926625,3.02975728262257,3.63157300511231,1.22768290010971,6.03546311011491,126,2006,2017,7,9,67.7192063492064,5.36269280296264
M3,Drymophila_malura,2.97102224855844,0.923541154147943,2.60061174519693,-0.370410503361508,0.206499745093641,0.946345818466301,0.74577394100298,4.45544954939088,5.1805787684356,1.48562762278843,8.87552991408278,25,1999,2017,4,4,55.76,9.29085144984864
M3_cc,Molothrus_bonariensis,-3.20028136329512,0.817883856681473,-3.48440375208149,-0.284122388786366,0.1832670608722,0.838165149968009,-5.12720744601879,-1.84160005814419,-6.94114687901012,-10.2137130178186,-3.66858074020162,26,1998,2014,5,5,104.657692307692,-6.63223765588413
M3_cc,Pyriglena_pernambucensis,-2.34002867644139,0.808801539258434,-2.62415106522776,-0.284122388786366,0.1832670608722,0.829304977380184,-4.24958882089292,-0.998713309562596,-5.22747054372668,-8.46544266392677,-1.9894984235266,39,2007,2017,3,2,75.625641025641,-6.91229915255105
M3_cc,Arremon_taciturnus,-1.74725692884821,0.58736755661461,-2.03137931763458,-0.284122388786366,0.1832670608722,0.615294614119246,-3.2373567613083,-0.825401873960852,-4.04663271363484,-6.44901405773479,-1.64425136953488,114,2005,2017,7,9,71.2078947368421,-5.68284279234723
M3_cc,Turdus_flavipes,-1.2712197430326,0.348913106434484,-1.55534213181896,-0.284122388786366,0.1832670608722,0.394115682817236,-2.32780887014074,-0.78287539349718,-3.0983373203002,-4.63713863936041,-1.55953600123998,111,1995,2017,12,23,109.264864864865,-2.83562087788432
M3_cc,Tangara_seledon,-1.23059645459128,0.573392041988321,-1.51471884337765,-0.284122388786366,0.1832670608722,0.601967814269393,-2.69457575934566,-0.334861927409637,-3.01741322773168,-5.36776087187528,-0.667065583588073,43,2003,2017,6,7,70.3476744186047,-4.28928639456725
M3_cc,Stephanophorus_diadematus,-1.0153062477273,0.535727744725362,-1.29942863651367,-0.284122388786366,0.1832670608722,0.56620758743526,-2.40919550788678,-0.18966176514056,-2.58854187590781,-4.79926583436374,-0.37781791745188,29,2001,2017,5,5,92.3413793103448,-2.80323068080684
M3_cc,Tiaris_fuliginosus,-0.938263155572885,0.677570509822117,-1.22238554435925,-0.284122388786366,0.1832670608722,0.701917809562728,-2.5981444511022,0.153373362383697,-2.43506729124251,-5.17566376663795,0.305529184152935,26,2002,2016,10,12,54.6615384615385,-4.454809285977
M3_cc,Turdus_amaurochalinus,-0.930250669587951,0.460675654790264,-1.21437305837432,-0.284122388786366,0.1832670608722,0.495791160184582,-2.1861237323361,-0.242622384412537,-2.4191059256705,-4.35489311844816,-0.483318732892838,90,2001,2017,10,11,110.96,-2.18016035118106
M3_cc,Turdus_nigriceps,-0.876096305987163,0.922201569975817,-1.16021869477353,-0.284122388786366,0.1832670608722,0.940235370142283,-3.0030800202524,0.682642630705345,-2.31122709800369,-5.98232036041761,1.35986616441023,28,2006,2017,7,8,107.25,-2.15499030116894
M3_cc,Taraba_major,-0.871850846471539,0.691157569683618,-1.1559732352579,-0.284122388786366,0.1832670608722,0.715042377577511,-2.55745629530983,0.245509824794017,-2.30276988117018,-5.09461045431093,0.489070691970561,41,1999,2017,7,16,90.9731707317073,-2.53126263781811
M3_cc,Volatinia_jacarina,-0.824779424658614,0.562435835479835,-1.10890181344498,-0.284122388786366,0.1832670608722,0.591541109841602,-2.26832238873452,0.0505187618445611,-2.20900070978407,-4.51863790461937,0.100636485051239,78,1999,2018,13,16,50.3551282051282,-4.38684358182033
M3_cc,Geothlypis_aequinoctialis,-0.524191337827821,0.312579017700319,-0.808313726614187,-0.284122388786366,0.1832670608722,0.362343011395599,-1.51850602894956,-0.0981214242788131,-1.61021072755919,-3.02495753464416,-0.195463920474214,336,1995,2017,14,18,56.0977678571429,-2.870365059194
M3_cc,Tachyphonus_rufus,-0.492465394093259,0.53472743945637,-0.776587782879625,-0.284122388786366,0.1832670608722,0.565261222894601,-1.88449977975304,0.331324213993793,-1.54701069363509,-3.75403962784568,0.6600182405755,551,2006,2017,7,7,86.5722323049002,-1.78695945853244
M3_cc,Conopophaga_melanops,-0.463830513519876,0.24576266378883,-0.747952902306242,-0.284122388786366,0.1832670608722,0.306571529195579,-1.34883309952958,-0.147072705082906,-1.48996824790703,-2.68695860906257,-0.292977886751487,210,1995,2017,15,27,64.6607619047619,-2.30428501616109
M3_cc,Antilophia_galeata,-0.458163011065714,0.732449841550833,-0.74228539985208,-0.284122388786366,0.1832670608722,0.755029526567389,-2.22214327192416,0.737572472220003,-1.47867823395615,-4.42664625975555,1.46928979184325,60,2007,2017,5,9,79.8616666666667,-1.85154943000123
M3_cc,Passer_domesticus,-0.394415749316655,0.815250804004747,-0.678538138103021,-0.284122388786366,0.1832670608722,0.835596008266627,-2.31630631430561,0.959230038099568,-1.35168976235018,-4.61422483969298,1.91084531499261,10,2002,2018,4,4,75.1,-1.799853212184
M3_cc,Tangara_sayaca,-0.390418034532811,0.89741284784557,-0.674540423319177,-0.284122388786366,0.1832670608722,0.915934842158017,-2.46977271394889,1.12069186731054,-1.34372606828101,-4.91993935979718,2.23248722323515,27,2003,2016,6,7,88.3444444444445,-1.52100800082117
M3_cc,Formicivora_grisea,-0.337975973106769,0.732301326704624,-0.622098361893135,-0.284122388786366,0.1832670608722,0.754885454022057,-2.10167385177637,0.857477127990097,-1.2392582520072,-4.18666375509446,1.70814725108005,78,2006,2017,6,10,53.9461538461539,-2.29721335749232
M3_cc,Ilicura_militaris,-0.33769422433576,0.597633729756486,-0.621816613122126,-0.284122388786366,0.1832670608722,0.625102304061809,-1.84701712908327,0.60338390283902,-1.23869699110241,-3.67937187915034,1.20197789694553,22,2002,2017,9,12,59.0409090909091,-2.09803170407676
M3_cc,Thamnophilus_ambiguus,-0.32737940016924,0.545974813887529,-0.611501788955606,-0.284122388786366,0.1832670608722,0.575912591458336,-1.74029046821394,0.517286890302733,-1.21814922607139,-3.46676579739022,1.03046734524745,63,1995,2016,4,13,68.5619047619048,-1.77671438724122
M3_cc,Thamnophilus_caerulescens,-0.310222928978428,0.333470223826419,-0.594345317764794,-0.284122388786366,0.1832670608722,0.380511768253725,-1.3401483835421,0.151457748012508,-1.18397247879008,-2.66965811992276,0.301713162342598,177,1998,2017,21,30,68.6299435028249,-1.72515438358381
M3_cc,Habia_rubica,-0.291751577521327,0.291778037438858,-0.575873966307693,-0.284122388786366,0.1832670608722,0.344559485041997,-1.25121055699001,0.0994626243746207,-1.14717640903468,-2.49248849173911,0.198135673669745,224,1995,2018,24,40,92.1500892857143,-1.24489994304599
M3_cc,Ceratopipra_rubrocapilla,-0.269747345408213,0.523636443016231,-0.553869734194579,-0.284122388786366,0.1832670608722,0.554780983862484,-1.64124046256505,0.533500994175889,-1.10334262342195,-3.26945208563536,1.06276683879147,121,1995,2017,7,11,62.3086776859504,-1.77076879882291
M3_cc,Dacnis_cayana,-0.244599512304523,0.571770810292752,-0.528721901090889,-0.284122388786366,0.1832670608722,0.600423746285542,-1.70555244381055,0.648108641628773,-1.0532465910212,-3.39756551325939,1.29107233121698,85,2001,2016,15,20,64.1694117647059,-1.64135304042245
M3_cc,Machaeropterus_regulus,-0.189064127682227,0.823918595179434,-0.473186516468593,-0.284122388786366,0.1832670608722,0.844054895775854,-2.12753411218927,1.18116107925208,-0.942616684422291,-4.23817898657363,2.35294561772905,31,2008,2017,3,6,52.5190322580645,-1.79480969830237
M3_cc,Chiroxiphia_caudata,-0.179744989828817,0.185186691856105,-0.463867378615183,-0.284122388786366,0.1832670608722,0.260539683045295,-0.97452515738396,0.0467904001535949,-0.924052387851429,-1.94131413463543,0.0932093589325707,567,1996,2018,22,50,74.421569664903,-1.24164592605631
M3_cc,Trichothraupis_melanops,-0.135843709232902,0.191463796263179,-0.419966098019267,-0.284122388786366,0.1832670608722,0.265038112127752,-0.939440797789661,0.0995086017511263,-0.836598333018992,-1.87142392947348,0.198227263435497,460,1995,2018,23,48,80.9915217391304,-1.0329455664676
M3_cc,Thamnophilus_doliatus,-0.132907550178857,0.861689742285416,-0.417029938965223,-0.284122388786366,0.1832670608722,0.880963124972119,-2.14371766391058,1.30965778598013,-0.830749323344931,-4.27041761834946,2.6089189716596,24,2007,2017,7,9,73.8125,-1.1254859588077
M3_cc,Coereba_flaveola,-0.0940091354897142,0.863102645949621,-0.37813152427608,-0.284122388786366,0.1832670608722,0.882345166613368,-2.10752805083828,1.35126500228612,-0.753261285525923,-4.19832568018664,2.6918031091348,20,2003,2017,4,4,55.03,-1.36881934494989
M3_cc,Euphonia_violacea,-0.0691686858641401,0.402484531063763,-0.353291074650506,-0.284122388786366,0.1832670608722,0.442244969837251,-1.22009121553152,0.513509066230507,-0.703777579945373,-2.43049684690966,1.02294168701892,142,1995,2017,16,23,60.0283098591549,-1.17240945413365
M3_cc,Tangara_cayana,-0.0359418604519228,0.569957792910929,-0.320064249238289,-0.284122388786366,0.1832670608722,0.59869750400401,-1.49351135708615,0.853382858609571,-0.637587697279895,-2.97516660886727,1.69999121430748,267,2005,2017,11,12,72.1606367041199,-0.883567172354915
M3_cc,Pyriglena_leucoptera,-0.0309211509974684,0.229884955096807,-0.315043539783834,-0.284122388786366,0.1832670608722,0.293996442462482,-0.891276567010299,0.26118948744263,-0.627586134820497,-1.77547781531998,0.520305545678986,336,1996,2017,21,39,77.6460714285714,-0.808265148865683
M3_cc,Haplospiza_unicolor,-0.0299857787928944,0.306967029652149,-0.31410816757926,-0.284122388786366,0.1832670608722,0.357513038775088,-1.01483372357843,0.386617388419913,-0.625722815779295,-2.02161128110446,0.770165649545873,402,1998,2017,14,30,62.0753731343284,-1.00800492076827
M3_cc,Arremon_flavirostris,-0.00187208861588237,0.860828640609196,-0.285994477402248,-0.284122388786366,0.1832670608722,0.880120880387354,-2.01103140296146,1.43904244815697,-0.569718613420985,-4.00609841437538,2.86666118753341,68,2010,2018,5,7,75.9617647058824,-0.750007080044662
M3_cc,Polioptila_plumbea,0.0271778605970551,0.999364284008815,-0.256944528189311,-0.284122388786366,0.1832670608722,1.01602942268085,-2.24836219664378,1.73447314026516,-0.511849325398801,-4.47887597262389,3.45517732182629,11,2006,2013,3,4,49.8181818181818,-1.02743477726037
M3_cc,Rhopias_gularis,0.0369888026646843,0.526524059074332,-0.247133586121682,-0.284122388786366,0.1832670608722,0.557507309714272,-1.33984791316165,0.845580740918291,-0.492305324542932,-2.66905956441891,1.68444891533304,64,2001,2017,11,16,53.23515625,-0.92477482780551
M3_cc,Herpsilochmus_atricapillus,0.0710709146889347,0.990666851238355,-0.213051474097431,-0.284122388786366,0.1832670608722,1.00747586856622,-2.18770417648722,1.76160122829235,-0.424411658269074,-4.35804146053695,3.5092181439988,33,2008,2013,3,3,50.2575757575758,-0.844473001078049
M3_cc,Pachyramphus_polychopterus,0.0725014992196477,0.682985248453182,-0.211620889566718,-0.284122388786366,0.1832670608722,0.707146141335289,-1.59762732658389,1.17438554745045,-0.421561845774013,-3.18257203262237,2.33944834107435,30,2000,2016,11,16,75.32,-0.559694431457798
M3_cc,Myrmotherula_unicolor,0.0897176722015585,0.467210947737233,-0.194404716584807,-0.284122388786366,0.1832670608722,0.5018693906648,-1.17806872228782,0.789259289118201,-0.387266168847795,-2.34678545219758,1.57225311450199,39,1996,2017,10,13,47.7646153846154,-0.810780461078581
M3_cc,Tachyphonus_coronatus,0.0921971087634927,0.220508533436812,-0.191925280022873,-0.284122388786366,0.1832670608722,0.286724308211195,-0.753904924116814,0.370054364071068,-0.382326978507614,-1.50182504193946,0.73717108492423,452,1996,2017,25,56,81.943296460177,-0.466575052534551
M3_cc,Tachyphonus_cristatus,0.0998970721661748,0.519304226776647,-0.184225316620191,-0.284122388786366,0.1832670608722,0.550693831043009,-1.26358522546449,0.895134592224107,-0.36698817716776,-2.51713959349766,1.78316323916214,48,1996,2017,9,10,74.515625,-0.492498287664849
M3_cc,Turdus_rufiventris,0.122293562920531,0.542528967524746,-0.161828825865835,-0.284122388786366,0.1832670608722,0.572646921064107,-1.28421679115149,0.960559139419816,-0.32237298818241,-2.55823894304688,1.91349296668206,44,2001,2017,7,9,110.004545454545,-0.293054243213628
M3_cc,Conopophaga_lineata,0.131253575330407,0.285354184607409,-0.152868813455959,-0.284122388786366,0.1832670608722,0.339136884271962,-0.817577106629004,0.511839479717087,-0.30452409161365,-1.62866395108144,1.01961576785414,334,1999,2018,21,36,70.6868263473054,-0.430807418227312
M3_cc,Platyrinchus_mystaceus,0.175801005043489,0.322400419770167,-0.108321383742877,-0.284122388786366,0.1832670608722,0.370848818615773,-0.835185068229792,0.618542300744038,-0.215782867943412,-1.66374009506677,1.23217435917995,226,1996,2017,19,31,53.629203539823,-0.402360754403484
M3_cc,Manacus_manacus,0.180935509544128,0.266888724568135,-0.103186879242238,-0.284122388786366,0.1832670608722,0.323753620678349,-0.737743975771803,0.531370217287326,-0.205554618743364,-1.46963143748136,1.05852219999463,291,1996,2017,21,31,52.4047766323024,-0.392244050930005
M3_cc,Formicivora_rufa,0.206241923777248,0.697418957998805,-0.0778804650091184,-0.284122388786366,0.1832670608722,0.72109640033554,-1.49122940966678,1.33546847964854,-0.155142682965764,-2.97062082906245,2.66033546313093,38,1999,2012,2,3,49.7236842105263,-0.312009629674467
M3_cc,Coryphospingus_cucullatus,0.259932518105608,0.536780909490049,-0.0241898706807579,-0.284122388786366,0.1832670608722,0.567204161121636,-1.13591002647917,1.08753028511765,-0.0481877122532367,-2.26280273358739,2.16642730908092,76,2002,2017,12,17,62.071052631579,-0.0776331481588584
M3_cc,Myrmotherula_axillaris,0.260127413081305,0.42705539806792,-0.023994975705061,-0.284122388786366,0.1832670608722,0.464718332562515,-0.93484290752759,0.886852956117468,-0.0477994694580425,-1.8622646488868,1.76666570997071,94,1995,2017,9,15,51.1395744680851,-0.0934686491923646
M3_cc,Myiothlypis_leucoblephara,0.281320247663924,0.635751872672702,-0.00280214112244209,-0.284122388786366,0.1832670608722,0.661639825892896,-1.29961619987252,1.29401191762763,-0.00558203770012757,-2.58891551367069,2.57775143827043,28,2002,2017,4,5,64.8642857142857,-0.00860571829113379
M3_cc,Tangara_peruviana,0.30270452987321,0.755034954247415,0.0185821410868437,-0.284122388786366,0.1832670608722,0.776958555996477,-1.50425662866625,1.54142091083994,0.0370167695213911,-2.99657185165746,3.07060539070024,20,1998,2016,3,6,73.91,0.050083573970222
M3_cc,Drymophila_squamata,0.317472586615686,0.381033513018564,0.0333501978293203,-0.284122388786366,0.1832670608722,0.422815980828542,-0.795369124594623,0.862069520253264,0.0664356481188701,-1.58442428307656,1.7172955793143,56,1995,2017,8,11,52.9035714285714,0.125578758342562
M3_cc,Euphonia_pectoralis,0.345291287954307,0.465618958270151,0.0611688991679407,-0.284122388786366,0.1832670608722,0.500387679605838,-0.919590952859502,1.04192875119538,0.121852214542704,-1.83188181581817,2.07558624490357,62,2001,2017,9,13,62.2387096774194,0.19578203850025
M3_cc,Conopophaga_cearae,0.359252226338258,0.73271498110096,0.0751298375518917,-0.284122388786366,0.1832670608722,0.755286739676075,-1.40523217221322,1.555491847317,0.149663263659479,-2.79930903547433,3.09863556279329,51,2008,2017,1,2,69.0098039215686,0.216872466163757
M3_cc,Zonotrichia_capensis,0.403948863328271,0.529386136022315,0.119826474541905,-0.284122388786366,0.1832670608722,0.560211117895183,-0.978187316532655,1.21784026561646,0.23870171741506,-1.94860938121247,2.42601281604259,55,2002,2017,8,9,66.1709090909091,0.360735133753593
M3_cc,Sicalis_flaveola,0.404522782343494,0.63866999937859,0.120400393557128,-0.284122388786366,0.1832670608722,0.664444266817754,-1.18191036940567,1.42271115651993,0.239844999441128,-2.35443824986387,2.83412824874613,111,2003,2017,7,7,56.1715315315315,0.426986754503021
M3_cc,Pipra_fasciicauda,0.445925049505403,0.551660049288581,0.161802660719037,-0.284122388786366,0.1832670608722,0.581305105415233,-0.977555345894819,1.30116066733289,0.322320865598474,-1.94735045677875,2.5919921879757,119,2002,2016,3,9,64.8949579831933,0.496680906522738
M3_cc,Thamnophilus_torquatus,0.46197958016301,0.58412565947752,0.177857191376644,-0.284122388786366,0.1832670608722,0.612200622068275,-1.02205602787717,1.37777041063046,0.354302479468983,-2.03599855609018,2.74460351502815,45,1998,2016,12,14,66.3844444444445,0.533713104679953
M3_cc,Cyanerpes_cyaneus,0.504252049217939,0.705670673297251,0.220129660431573,-0.284122388786366,0.1832670608722,0.729080184035014,-1.20886750027705,1.6491268211402,0.438511841393068,-2.40813851485274,3.28516219763888,60,1999,2017,5,8,62.2266666666667,0.704700837893296
M3_cc,Sporophila_caerulescens,0.588785773261308,0.619778650009202,0.304663384474942,-0.284122388786366,0.1832670608722,0.646306731055745,-0.962097808394319,1.5714245773442,0.606908226130118,-1.91655809004608,3.13037454230632,87,2002,2016,10,13,56.4413793103448,1.07528950133024
M3_cc,Dysithamnus_mentalis,0.593408351789493,0.249693313783363,0.309285963003127,-0.284122388786366,0.1832670608722,0.309731442622236,-0.297787664536456,0.91635959054271,0.616116687263453,-0.5932113685362,1.82544474306311,262,1996,2018,24,43,58.4,1.05499432750591
M3_cc,Ramphocelus_bresilius,0.658712649398716,0.389514035445186,0.37459026061235,-0.284122388786366,0.1832670608722,0.430474156494357,-0.469139086116591,1.21831960734129,0.746206870200899,-0.93455395387936,2.42696769428116,85,1995,2017,6,16,79.3170588235294,0.940789889676969
M3_cc,Coryphospingus_pileatus,0.697937707241336,0.775918372198635,0.41381531845497,-0.284122388786366,0.1832670608722,0.797267919783628,-1.14882980432094,1.97646044123088,0.824345601299628,-2.28853972677894,3.9372309293782,13,1999,2012,2,5,62.4153846153846,1.32074104225969
M3_cc,Thamnophilus_pelzelni,0.74242370956377,0.832795549116053,0.458301320777404,-0.284122388786366,0.1832670608722,0.852722253860097,-1.21303429678839,2.12963693834319,0.912964457824373,-2.41643903013683,4.24236794578558,44,2005,2017,5,6,68.1363636363636,1.33990781001576
M3_cc,Myrmoderus_squamosus,0.767297994990095,0.430170732100681,0.483175606203729,-0.284122388786366,0.1832670608722,0.46758279946633,-0.433286680750278,1.39963789315774,0.96251556640397,-0.863133754235525,2.78816488704347,70,2001,2017,14,16,60.1748571428572,1.59953111998077
M3_cc,Microspingus_cabanisi,0.86076516177026,0.512102978556654,0.576642772983894,-0.284122388786366,0.1832670608722,0.543908334416132,-0.489417562471726,1.64270310843951,1.14870791928457,-0.974949927732689,3.27236576630184,41,2002,2016,3,3,66.0073170731707,1.74027360938061
M3_cc,Euphonia_chlorotica,0.957457044279661,0.831288711710173,0.673334655493295,-0.284122388786366,0.1832670608722,0.851250690347734,-0.995116697588263,2.34178600857485,1.34132410450846,-1.98233375095794,4.66498195997487,20,2000,2017,6,7,58.747,2.28322144876924
M3_cc,Myiobius_barbatus,0.979185094915257,0.583231448910362,0.695062706128891,-0.284122388786366,0.1832670608722,0.611347477788871,-0.503178350337296,1.89330376259508,1.38460771960793,-1.00236226468955,3.77157770390542,25,1995,2017,7,8,62.236,2.22476977891885
M3_cc,Turdus_leucomelas,1.06311351884431,0.854984961291907,0.778991130057945,-0.284122388786366,0.1832670608722,0.874406141124397,-0.934844906545873,2.49282716666176,1.55179830923676,-1.86226863105434,4.96586524952785,106,2010,2017,4,5,117.901886792453,1.31617767234586
M3_cc,Knipolegus_cyanirostris,1.22187339181832,0.53803396227174,0.937751003031957,-0.284122388786366,0.1832670608722,0.568390147837348,-0.176293686729246,2.05179569279316,1.86805775424146,-0.351187881914918,4.08730339039784,47,2002,2017,7,10,72.8851063829787,2.56301711960967
M3_cc,Pyrrhocoma_ruficeps,1.52685673925056,0.930526902983544,1.24273435046419,-0.284122388786366,0.1832670608722,0.948402410781879,-0.616134374668291,3.10160307559668,2.47560336628907,-1.22737762213259,6.17858435471073,39,2010,2017,4,4,62.1538461538462,3.98302521803934
M3_cc,Chiroxiphia_pareola,1.98305867559647,0.547918436773602,1.6989362868101,-0.284122388786366,0.1832670608722,0.577755509672701,0.566535487851611,2.8313370857686,3.38438572102456,1.12857358479211,5.64019785725701,126,2006,2017,7,9,67.7192063492064,4.99767481557944
M3_cc,Drymophila_malura,2.69456244134236,0.891927130043345,2.41044005255599,-0.284122388786366,0.1832670608722,0.910560717859107,0.625741045552145,4.19513905955984,4.80174504399648,1.24651470220929,8.35697538578366,24,2005,2017,4,4,55.7916666666667,8.60656318565463
M0,Tiaris_fuliginosus,-6.25830106643,0.659640264348013,-7.17998369263775,-0.921682626207744,0.243941827826154,0.70330142450608,-8.55845448466966,-5.80151290060583,-14.3029697318299,-17.0489684497463,-11.5569710139135,29,1997,2016,11,13,58.5,-24.4495209091109
M0,Sicalis_flaveola,-5.62824500248633,0.644196414879496,-6.54992762869408,-0.921682626207744,0.243941827826154,0.688837162402524,-7.90004846700303,-5.19980679038513,-13.0478592472222,-15.7373831112452,-10.3583353831991,113,2003,2017,8,9,56.3100884955752,-23.1714415583762
M0,Stephanophorus_diadematus,-4.033035170304,0.603548486946597,-4.95471779651174,-0.921682626207744,0.243941827826154,0.650982635297357,-6.23064376169456,-3.67879183132892,-9.87010301234144,-12.4118261194257,-7.32837990525716,29,2001,2017,5,5,92.3413793103448,-10.6887108315434
M0,Pyriglena_pernambucensis,-3.8657497906567,1.09756561147502,-4.78743241686444,-0.921682626207744,0.243941827826154,1.12434776063978,-6.99115402771842,-2.58371080601047,-9.53686023295653,-13.9268094092678,-5.14691105664521,39,2007,2017,3,2,75.625641025641,-12.6106173826983
M0,Molothrus_bonariensis,-3.7758781710121,0.998396668593556,-4.69756079721984,-0.921682626207744,0.243941827826154,1.02776627850007,-6.71198270307997,-2.68313889135971,-9.35783043142017,-13.3706829363912,-5.34497792644914,30,1998,2014,5,5,104.37,-8.96601555180624
M0,Turdus_rufiventris,-2.21141047167074,0.564104122748128,-3.13309309787848,-0.921682626207744,0.243941827826154,0.61459016967781,-4.33768983044699,-1.92849636530997,-6.2413144185705,-8.6409453011107,-3.8416835360303,44,2001,2017,7,9,110.004545454545,-5.67368774879348
M0,Haplospiza_unicolor,-2.18300674853929,0.293177541440398,-3.10468937474703,-0.921682626207744,0.243941827826154,0.38139308615679,-3.85221982361434,-2.35715892587972,-6.18473245270379,-7.6738591473415,-4.69560575806608,402,1998,2017,14,30,62.0753731343284,-9.96326262803173
M0,Passer_domesticus,-1.94664916777098,1.0653843491017,-2.86833179397872,-0.921682626207744,0.243941827826154,1.09295536353229,-5.01052430650202,-0.726139281455427,-5.71389359452029,-9.98127301737202,-1.44651417166856,10,2002,2018,4,4,75.1,-7.60838028564619
M0,Arremon_taciturnus,-1.58568035664642,0.661083848551509,-2.50736298285416,-0.921682626207744,0.243941827826154,0.704655568472171,-3.88848789705962,-1.12623806864871,-4.99482149064586,-7.74610738339968,-2.24353559789203,114,2005,2017,7,9,71.2078947368421,-7.01442095585729
M0,Turdus_flavipes,-1.42461223443771,0.335133394697647,-2.34629486064545,-0.921682626207744,0.243941827826154,0.414514182634001,-3.15874265860809,-1.53384706268281,-4.67396387100027,-6.29240992330355,-3.05551781869698,119,1995,2017,12,24,109.306722689076,-4.27600769286205
M0,Coereba_flaveola,-1.33097483822835,1.20472895143913,-2.2526574644361,-0.921682626207744,0.243941827826154,1.22917836858561,-4.6618470668639,0.1565321379917,-4.48743241061227,-9.286686480938,0.311821659713463,21,2003,2017,4,4,54.8476190476191,-8.18163575471936
M0,Tangara_sayaca,-1.27483909420966,1.32301617975966,-2.1965217204174,-0.921682626207744,0.243941827826154,1.34531759345852,-4.83334420359609,0.440300762761294,-4.37560655111951,-9.62831933983868,0.877106237599659,27,2003,2016,6,7,88.3444444444445,-4.9528938448089
M0,Tangara_seledon,-1.24720315742246,0.686209275157122,-2.1688857836302,-0.921682626207744,0.243941827826154,0.728279331489523,-3.59631327334967,-0.741458293910737,-4.3205540629386,-7.16407753789777,-1.47703058797944,43,2003,2017,6,7,70.3476744186047,-6.14171555583927
M0,Taraba_major,-1.09907936296706,0.855517131536596,-2.02076198917481,-0.921682626207744,0.243941827826154,0.889616309268086,-3.76440995534026,-0.277114023009359,-4.02548234142039,-7.49893648151873,-0.552028201322051,41,1999,2017,7,16,90.9731707317073,-4.42491155254125
M0,Antilophia_galeata,-0.965767863874884,0.875970414519152,-1.88745049008263,-0.921682626207744,0.243941827826154,0.90930291018781,-3.66968419405074,-0.105216786114521,-3.75991762455683,-7.3102369308585,-0.209598318255169,60,2007,2017,5,9,79.8616666666667,-4.70803801309368
M0,Thamnophilus_doliatus,-0.673298194684878,1.16082748949905,-1.59498082089262,-0.921682626207744,0.243941827826154,1.1861821427335,-3.91989782065028,0.729936178865031,-3.17730003028676,-7.8086778857334,1.45407782515988,24,2007,2017,7,9,73.8125,-4.30455550250535
M0,Turdus_nigriceps,-0.422776908164317,1.02434356625371,-1.34445953437206,-0.921682626207744,0.243941827826154,1.05298972316378,-3.40831939177306,0.719400323028941,-2.67824619790037,-6.78958214723044,1.43308975142971,29,1997,2017,8,9,107.137931034483,-2.49981138523047
M0,Volatinia_jacarina,-0.417260060495847,0.623163001180667,-1.33894268670359,-0.921682626207744,0.243941827826154,0.669208294482115,-2.65059094388854,-0.0272944295186457,-2.66725629756144,-5.2801404104544,-0.0543721846684771,79,1999,2018,13,16,50.3253164556962,-5.30002886302672
M0,Ilicura_militaris,-0.395248291068668,0.708678099730753,-1.31693091727641,-0.921682626207744,0.243941827826154,0.749488001505799,-2.78592740022778,0.152065565674953,-2.62340749715486,-5.54973896687147,0.302923972561755,22,2002,2017,9,12,59.0409090909091,-4.44337246419331
M0,Machaeropterus_regulus,-0.345751730982821,1.0808867174731,-1.26743435719057,-0.921682626207744,0.243941827826154,1.10807206957532,-3.4392556135582,0.90438689917707,-2.52480730096451,-6.85120900639222,1.80159440446319,31,2008,2017,3,6,52.5190322580645,-4.80741398386452
M0,Conopophaga_melanops,-0.259384285228631,0.237348219058951,-1.18106691143638,-0.921682626207744,0.243941827826154,0.340355391397904,-1.84816347857627,-0.513970344296483,-2.35275802964036,-3.6816554779442,-1.02386058133651,215,1995,2017,16,27,64.6128372093023,-3.64131669689569
M0,Formicivora_grisea,-0.20933345189994,0.937048721343839,-1.13101607810768,-0.921682626207744,0.243941827826154,0.968280910446595,-3.02884666258301,0.766814506367642,-2.25305368701251,-6.03364909891091,1.5275417248859,79,2006,2017,6,10,53.9417721518987,-4.17682548631877
M0,Tachyphonus_rufus,-0.180341165707818,0.616317900007812,-1.10202379191556,-0.921682626207744,0.243941827826154,0.662838871244894,-2.40118797955555,0.197140395724429,-2.19529926727926,-4.78331434474326,0.392715810184742,551,2006,2017,7,7,86.5722323049002,-2.53580069363072
M0,Ceratopipra_rubrocapilla,-0.0998261275622332,0.53755586999911,-1.02150875376998,-0.921682626207744,0.243941827826154,0.590316803702609,-2.17852968902709,0.135512181487135,-2.03490835236197,-4.33976531645854,0.269948611734615,121,1995,2017,7,11,62.3086776859504,-3.26585064542431
M0,Pyrrhocoma_ruficeps,-0.0906690913152513,1.39981671931327,-1.012351717523,-0.921682626207744,0.243941827826154,1.42091324965042,-3.79734168683783,1.77263825179184,-2.01666697217497,-7.56453851893136,3.53120457458143,39,2010,2017,4,4,62.1538461538462,-3.244637455232
M0,Formicivora_rufa,0.0657437977830214,0.765299604036793,-0.855938828424723,-0.921682626207744,0.243941827826154,0.803237884628232,-2.43028508229606,0.718407425446612,-1.70508286360177,-4.84127756549655,1.43111183829302,40,1999,2012,2,3,49.8375,-3.42128490313873
M0,Polioptila_plumbea,0.091179885557154,1.63121073829842,-0.83050274065059,-0.921682626207744,0.243941827826154,1.64935020177743,-4.06322913613435,2.40222365483317,-1.65441261014386,-8.09420269397136,4.78537747368364,11,2006,2013,3,4,49.8181818181818,-3.32090122474132
M0,Chiroxiphia_caudata,0.0935245535202322,0.159678423458795,-0.828158072687512,-0.921682626207744,0.243941827826154,0.291555851049934,-1.39960754074538,-0.256708604629642,-1.64974188715301,-2.78810442316865,-0.511379351137379,576,1996,2018,23,51,74.43234375,-2.2164314651895
M0,Rhopias_gularis,0.12104861963049,0.596060405220401,-0.800634006577254,-0.921682626207744,0.243941827826154,0.644046288736046,-2.0629647324999,0.461696719345396,-1.5949122522507,-4.10955280539623,0.919728300894836,64,2001,2017,11,16,53.23515625,-2.99597552557329
M0,Thamnophilus_ambiguus,0.154389930192554,0.608427659938665,-0.767292696015191,-0.921682626207744,0.243941827826154,0.655508834983637,-2.05209001258312,0.517504620552737,-1.52849430811557,-4.08788969354663,1.03090107731549,70,1995,2016,4,14,68.4757142857143,-2.23216993653829
M0,Pipra_fasciicauda,0.167446876505706,0.437480855922678,-0.754235749702038,-0.921682626207744,0.243941827826154,0.500896311288078,-1.73599251982667,0.227521020422595,-1.50248406688081,-3.4582040194916,0.453235885729972,119,2002,2016,3,9,64.8949579831933,-2.31525547373022
M0,Trichothraupis_melanops,0.193023403252201,0.175705858420387,-0.728659222955543,-0.921682626207744,0.243941827826154,0.300632939057599,-1.31789978350844,-0.139418662402649,-1.45153405034031,-2.62533753836164,-0.277730562318968,463,1995,2018,23,48,80.9872570194385,-1.79229931196696
M0,Dacnis_cayana,0.19960579894384,0.528992136552067,-0.722076827263904,-0.921682626207744,0.243941827826154,0.582529223212952,-1.86383410476129,0.419680450233481,-1.43842151271199,-3.7128723304606,0.836029305036623,90,1997,2016,15,21,64.0777777777778,-2.24480555131054
M0,Turdus_amaurochalinus,0.229788232934118,0.436120369124453,-0.691894393273627,-0.921682626207744,0.243941827826154,0.499708506760105,-1.67132306652343,0.287534279976179,-1.37829624526346,-3.32937848551181,0.572785994984889,90,2001,2017,10,11,110.96,-1.24215595283297
M0,Herpsilochmus_atricapillus,0.242944599850947,1.60794925753503,-0.678738026356797,-0.921682626207744,0.243941827826154,1.62634818847952,-3.86638047577666,2.50890442306306,-1.35208795206285,-7.70206803860517,4.99789213447947,33,2008,2013,3,3,50.2575757575758,-2.69031669689925
M0,Habia_rubica,0.310288522659883,0.295313846081688,-0.611394103547862,-0.921682626207744,0.243941827826154,0.383037704476627,-1.36214800432205,0.139359797226326,-1.2179347101068,-2.71348271947583,0.277613299262219,225,1995,2018,24,40,92.1494222222222,-1.32169543849087
M0,Pyriglena_leucoptera,0.346077659071256,0.227476628467173,-0.575604967136488,-0.921682626207744,0.243941827826154,0.333546446333875,-1.22935600195088,0.0781460676779077,-1.14664054611795,-2.44895287207639,0.155671779840494,341,1996,2017,22,40,77.6395307917889,-1.47687722275521
M0,Ramphocelus_bresilius,0.441213917443844,0.362536226739129,-0.4804687087639,-0.921682626207744,0.243941827826154,0.436966967929396,-1.33692396590552,0.375986548377716,-0.957123259985679,-2.6632348813984,0.748988361427046,96,1995,2017,7,17,79.6432291666667,-1.20176350205834
M0,Thamnophilus_torquatus,0.446503706194424,0.664936018282925,-0.475178920013321,-0.921682626207744,0.243941827826154,0.708270798334306,-1.86338968474856,0.913031844721919,-0.946585674995772,-3.71198701842335,1.81881566843181,50,1998,2016,12,15,66.686,-1.4194668671022
M0,Tachyphonus_cristatus,0.44889600523329,0.55988218601407,-0.472786620974455,-0.921682626207744,0.243941827826154,0.610717346715367,-1.66979262053657,0.724219378587665,-0.941820067968354,-3.32632974284563,1.44268960690892,50,1996,2017,9,11,74.359,-1.26658517189359
M0,Tachyphonus_coronatus,0.467597372025646,0.198863249073338,-0.454085254182098,-0.921682626207744,0.243941827826154,0.314728783550487,-1.07095366994105,0.162783161576856,-0.904565793498455,-2.13340567069333,0.32427408369642,472,1996,2017,25,56,81.9291737288136,-1.10408265130633
M0,Tangara_cayana,0.48383813878838,0.568665024340956,-0.437844487419365,-0.921682626207744,0.243941827826154,0.618779060143331,-1.65065144530029,0.774962470461565,-0.87221318583623,-3.28819934286758,1.54377297119512,270,1999,2017,12,13,72.169962962963,-1.20855429326442
M0,Drymophila_squamata,0.508238071534608,0.417038629915057,-0.413444554673136,-0.921682626207744,0.243941827826154,0.483144734220081,-1.36040823374449,0.533519124398222,-0.823607017010826,-2.71001698933265,1.062802955311,56,1995,2017,8,11,52.9035714285714,-1.55680797112693
M0,Pachyramphus_polychopterus,0.530921341669269,0.795675906441388,-0.390761284538475,-0.921682626207744,0.243941827826154,0.832230595120421,-2.0219332509745,1.24041068189755,-0.778420545837131,-4.02781556706354,2.47097447538928,31,1998,2016,11,17,75.4741935483871,-1.03137312138099
M0,Myrmotherula_unicolor,0.545281950481194,0.507026262257778,-0.376400675726551,-0.921682626207744,0.243941827826154,0.5626573077658,-1.47920899894752,0.726407647494417,-0.749813328612081,-2.94667543057109,1.44704877334693,41,1996,2017,11,14,47.8029268292683,-1.56855108744721
M0,Conopophaga_lineata,0.551809294620061,0.267598452818629,-0.369873331587683,-0.921682626207744,0.243941827826154,0.362100189607916,-1.0795897032192,0.339843040043832,-0.736810457067513,-2.15060918087777,0.676988266742742,334,1999,2018,21,36,70.6868263473054,-1.04235894457525
M0,Euphonia_violacea,0.610424102912491,0.437388750097887,-0.311258523295253,-0.921682626207744,0.243941827826154,0.500815868434055,-1.292857625426,0.670340578835494,-0.620046148855604,-2.57545201711178,1.33535971940057,144,1995,2017,16,23,60.0529166666667,-1.03249964077061
M0,Sporophila_caerulescens,0.618736852353227,0.653212190282998,-0.302945773854518,-0.921682626207744,0.243941827826154,0.697275971834307,-1.66960667864976,1.06371513094072,-0.603486639986378,-3.32595933515491,2.11898605518215,89,1997,2016,10,14,56.3898876404494,-1.07020365749672
M0,Myrmotherula_axillaris,0.636114805508297,0.455343990682498,-0.285567820699447,-0.921682626207744,0.243941827826154,0.516571161810091,-1.29804729784723,0.726911656448332,-0.568868686991166,-2.58579016420743,1.4480527902251,102,1995,2017,9,15,51.081568627451,-1.11364764684509
M0,Platyrinchus_mystaceus,0.642020090394851,0.32496344492635,-0.279662535812893,-0.921682626207744,0.243941827826154,0.406335890491556,-1.07608088117634,0.516755809550557,-0.557104995789914,-2.14361939125961,1.02940939967978,231,1996,2017,20,31,53.6242424242424,-1.03890511195
M0,Knipolegus_cyanirostris,0.68277905396135,0.586464192174162,-0.238903572246395,-0.921682626207744,0.243941827826154,0.635175459275355,-1.48384747242609,1.0060403279333,-0.475910630015775,-2.95591555542457,2.00409429539302,47,2002,2017,7,10,72.8851063829787,-0.652960054026781
M0,Dysithamnus_mentalis,0.792503119033687,0.256735454637989,-0.129179507174057,-0.921682626207744,0.243941827826154,0.354147863231363,-0.823309319107528,0.564950304759413,-0.257333534472759,-1.64008287138634,1.12541580244083,266,1996,2018,25,43,58.3639097744361,-0.440912090138062
M0,Manacus_manacus,0.795697484711827,0.224727559961433,-0.125985141495918,-0.921682626207744,0.243941827826154,0.331677692299895,-0.776073418403713,0.524103135411877,-0.250970161300523,-1.5459860479193,1.04404572531825,309,1996,2017,21,31,52.3960841423948,-0.478986484216016
M0,Arremon_flavirostris,0.855015033309848,1.22526942242851,-0.0666675928978969,-0.921682626207744,0.243941827826154,1.24931692252265,-2.5153287610423,2.3819935752465,-0.132805951118013,-5.01068981140989,4.74507790917386,68,2010,2018,5,7,75.9617647058824,-0.174832630116252
M0,Cyanerpes_cyaneus,0.866150684985996,0.756935837627677,-0.0555319412217482,-0.921682626207744,0.243941827826154,0.795273209437032,-1.61426743171833,1.50320354927483,-0.110623047132942,-3.21572014691635,2.99447405265046,62,1999,2017,5,8,62.1548387096774,-0.177979783118186
M0,Coryphospingus_pileatus,0.9196166183243,1.00423507713691,-0.00206600788344391,-0.921682626207744,0.243941827826154,1.03343877685876,-2.02760601052662,2.02347399475973,-0.00411561494950474,-4.03911605347733,4.03088482357832,13,1999,2012,2,5,62.4153846153846,-0.00659391106033542
M0,Euphonia_chlorotica,0.946624848194453,1.03621434450099,0.0249422219867085,-0.921682626207744,0.243941827826154,1.0645411138668,-2.06155836119222,2.11144280516564,0.0496864423921014,-4.10675122713275,4.20612411191695,21,1999,2017,7,8,58.8066666666667,0.0844911728694617
M0,Geothlypis_aequinoctialis,1.09354980721057,0.226222152588158,0.171867181002827,-0.921682626207744,0.243941827826154,0.332692166551581,-0.480209465438271,0.823943827443925,0.34237000987885,-0.956606831314197,1.6413468510719,354,1995,2017,14,19,56.1634180790961,0.609596106484622
M0,Zonotrichia_capensis,1.09402397325903,0.551698666198578,0.172341347051282,-0.921682626207744,0.243941827826154,0.603223866941996,-1.00997743215503,1.35466012625759,0.343314577851317,-2.01193724948945,2.69856640519208,56,1997,2017,8,10,66.1642857142857,0.518882013377787
M0,Conopophaga_cearae,1.12245200586992,0.938836626645767,0.200769379662177,-0.921682626207744,0.243941827826154,0.970011250911435,-1.70045267212424,2.10199143144859,0.399944969698312,-3.38740645396467,4.1872963933613,51,2008,2017,1,2,69.0098039215686,0.579548045307967
M0,Thamnophilus_caerulescens,1.14073028230071,0.288472972681188,0.219047656092962,-0.921682626207744,0.243941827826154,0.377788659611013,-0.521418116744624,0.959513428930549,0.436356422109773,-1.03869700276245,1.911409846982,199,1996,2017,21,33,68.5758793969849,0.636311813930538
M0,Tangara_peruviana,1.28780083021841,0.740507681599057,0.36611820401067,-0.921682626207744,0.243941827826154,0.779653283113959,-1.16200223089269,1.89423863891403,0.729330011655324,-2.31478001180127,3.77344003511192,27,1997,2016,3,7,73.4962962962963,0.992335734463503
M0,Euphonia_pectoralis,1.35384861690874,0.514320757189708,0.432165990700997,-0.921682626207744,0.243941827826154,0.569239366733678,-0.683543168097012,1.54787514949901,0.860901270633917,-1.36166009035864,3.08346263162647,63,1997,2017,9,14,62.2365079365079,1.38327373944596
M0,Microspingus_cabanisi,1.36429448394727,0.552064651592382,0.442611857739523,-0.921682626207744,0.243941827826154,0.603558609333827,-0.740363016554778,1.62558673203382,0.88171008113692,-1.4748487280281,3.23826889030194,41,2002,2016,3,3,66.0073170731707,1.33577627486287
M0,Myrmoderus_squamosus,1.46094886161049,0.483841037811675,0.539266235402748,-0.921682626207744,0.243941827826154,0.541857698324794,-0.522774853313848,1.60130732411934,1.0742515543973,-1.04139970556992,3.18990281436452,72,2001,2017,14,16,60.2116666666667,1.78412525988424
M0,Coryphospingus_cucullatus,1.58556118439192,0.603502065340794,0.663878558184177,-0.921682626207744,0.243941827826154,0.650939596455592,-0.611963050868784,1.93972016723714,1.32248697626648,-1.21906808821162,3.86404204074458,76,2002,2017,12,17,62.071052631579,2.13060181871905
M0,Myiobius_barbatus,1.66779281620969,0.698810408947806,0.746110190001943,-0.921682626207744,0.243941827826154,0.740164578331714,-0.704612383528217,2.1968327635321,1.48629745150398,-1.40363126515322,4.37622616816118,25,1995,2017,7,8,62.236,2.38816352513655
M0,Thamnophilus_pelzelni,1.68815736875322,1.15963805262849,0.766474742545477,-0.921682626207744,0.243941827826154,1.18501815533229,-1.55616084190582,3.08911032699677,1.52686489442604,-3.09996824121768,6.15369803006977,44,2005,2017,5,6,68.1363636363636,2.24089577567532
M0,Myiothlypis_leucoblephara,1.85870984260856,0.743872158468319,0.937027216400817,-0.921682626207744,0.243941827826154,0.782849540785125,-0.597357883538027,2.47141231633966,1.86661592669412,-1.18997369535466,4.92320554874291,28,2002,2017,4,5,64.8642857142857,2.87772524762887
M0,Chiroxiphia_pareola,2.9301770609633,0.588306162830624,2.00849443475556,-0.921682626207744,0.243941827826154,0.636876563069845,0.760216371138662,3.25677249837245,4.00104461745703,1.51439783312979,6.48769140178427,126,2006,2017,7,9,67.7192063492064,5.90828633877503
M0,Drymophila_malura,3.03324935245298,1.11902424480323,2.11156672624524,-0.921682626207744,0.243941827826154,1.14530470872192,-0.133230502849717,4.3563639553402,4.20637097033983,-0.265403367360005,8.67814530803966,25,1999,2017,4,4,55.76,7.54370690520055
M0,Turdus_leucomelas,4.23798094467962,1.18021765816208,3.31629831847188,-0.921682626207744,0.243941827826154,1.20516444355148,0.954176009110982,5.67842062783277,6.60627050162504,1.90077737796906,11.311763625281,106,2010,2017,4,5,117.901886792453,5.60319319847214
