model,spp,tree_name,mm_per_decade,mm_per_decade_lo,mm_per_decade_hi,p_neg
M3,Arremon_flavirostris,Arremon_flavirostris,-0.578802389892626,-4.50129695413967,3.40521096733493,0.616625
M3,Arremon_taciturnus,Arremon_taciturnus,-4.57291796732471,-7.11588493785574,-2.06824340146687,0.999775
M3,Tiaris_fuliginosus,Asemospiza_fuliginosa,-11.8249391407746,-14.454300844865,-9.18869507823451,1
M3,Ceratopipra_rubrocapilla,Ceratopipra_rubrocapilla,-1.31377289024532,-3.49800028992952,0.880021033202018,0.88135
M3,Chiroxiphia_caudata,Chiroxiphia_caudata,-1.07845162626557,-1.82989378483829,-0.337332324442302,0.9981
M3,Antilophia_galeata,Chiroxiphia_galeata,-1.59661121420554,-4.81823955741893,1.60381042573753,0.83455
M3,Chiroxiphia_pareola,Chiroxiphia_pareola,3.60171207111975,1.25890644490974,5.9061820523997,0.001275
M3,Coereba_flaveola,Coereba_flaveola,-0.889167223261025,-4.83493240500508,3.10629949062184,0.671025
M3,Conopophaga_cearae,Conopophaga_cearae,0.220111583040993,-2.97871399060536,3.40877235313318,0.444025
M3,Conopophaga_lineata,Conopophaga_lineata,-0.394356267669626,-1.55515892678732,0.77280916914818,0.74665
M3,Conopophaga_melanops,Conopophaga_melanops,-1.77539127599901,-2.76324404057947,-0.79017318206351,0.999725
M3,Coryphospingus_cucullatus,Coryphospingus_cucullatus,0.0517589981762629,-2.1788568700333,2.29715273747597,0.48415
M3,Coryphospingus_pileatus,Coryphospingus_pileatus,1.0032961109593,-2.44513711731244,4.51688703033695,0.2859
M3,Cyanerpes_cyaneus,Cyanerpes_cyaneus,0.619472770504917,-2.05812410205689,3.32421723651189,0.32805
M3,Dacnis_cayana,Dacnis_cayana,-0.945497704044734,-2.85408729435599,0.980232412567264,0.8339
M3,Drymophila_malura,Drymophila_malura,5.2602937830907,1.38746767383911,9.43774839111275,0.0038
M3,Drymophila_squamata,Drymophila_squamata,-0.0906825894333692,-1.62543751059702,1.43881079484411,0.546475
M3,Dysithamnus_mentalis,Dysithamnus_mentalis,0.515861515224396,-0.482268284405878,1.51816909875173,0.15735
M3,Euphonia_chlorotica,Euphonia_chlorotica,1.18168016443594,-2.24981997170511,4.69970438396052,0.254575
M3,Euphonia_pectoralis,Euphonia_pectoralis,0.115338768692327,-1.72512046739124,1.95811965138346,0.453875
M3,Euphonia_violacea,Euphonia_violacea,-0.828356104040214,-2.4321718513506,0.771863216327214,0.843
M3,Formicivora_grisea,Formicivora_grisea,-1.48853179739034,-4.72154407205972,1.68881027532814,0.81755
M3,Formicivora_rufa,Formicivora_rufa,-0.508494420369929,-3.26194109562191,2.26366260955604,0.64395
M3,Geothlypis_aequinoctialis,Geothlypis_aequinoctialis,-1.3626848660544,-2.51755953043418,-0.215257142076546,0.9901
M3,Habia_rubica,Habia_rubica,-1.29732209476319,-2.48179425937813,-0.118649472187449,0.984575
M3,Haplospiza_unicolor,Haplospiza_unicolor,-0.735631439597099,-1.97289098973528,0.528637935254484,0.876975
M3,Herpsilochmus_atricapillus,Herpsilochmus_atricapillus,-0.473075935872379,-5.3409520599953,4.40507189563249,0.57725
M3,Ilicura_militaris,Ilicura_militaris,-1.48142453538829,-4.01273058561397,1.0429172476091,0.876625
M3,Knipolegus_cyanirostris,Knipolegus_cyanirostris,2.25004602839491,-0.0116706311207851,4.53508696762374,0.025675
M3,Tachyphonus_cristatus,Loriotus_cristatus,-0.0900505653747234,-2.06708414334832,1.89430753009676,0.534775
M3,Machaeropterus_regulus,Machaeropterus_regulus,-1.28975875235605,-5.0867114525616,2.47579615043062,0.749925
M3,Manacus_manacus,Manacus_manacus,-0.515846239559691,-1.45811517638367,0.421903272781261,0.8586
M3,Microspingus_cabanisi,Microspingus_cabanisi,1.443580563507,-0.692475284341422,3.61203364750175,0.09335
M3,Molothrus_bonariensis,Molothrus_bonariensis,-7.70140090638361,-11.5796287995349,-4.01301547928894,0.999975
M3,Myiobius_barbatus,Myiobius_barbatus,1.46125012866196,-0.979501410964257,3.91730615166102,0.122525
M3,Myiothlypis_leucoblephara,Myiothlypis_leucoblephara,0.20546989018704,-2.4988964689794,2.91255424508189,0.441675
M3,Myrmoderus_squamosus,Myrmoderus_squamosus,0.968488634256676,-0.758292005356468,2.69859061866023,0.136725
M3,Myrmotherula_axillaris,Myrmotherula_axillaris,-0.164609134512677,-1.91468165982024,1.56814442572389,0.573475
M3,Myrmotherula_unicolor,Myrmotherula_unicolor,-0.518427349880339,-2.3510860888176,1.31957188051076,0.711125
M3,Pachyramphus_polychopterus,Pachyramphus_polychopterus,-0.856810823265791,-3.6685416572039,1.90263361420964,0.7283
M3,Passer_domesticus,Passer_domesticus,-1.47305370110103,-5.17262926135103,2.23813637564108,0.784125
M3,Pipra_fasciicauda,Pipra_fasciicauda,0.333917062813951,-1.9719885370238,2.62348900940406,0.385925
M3,Platyrinchus_mystaceus,Platyrinchus_mystaceus,-0.293291880266006,-1.59348299219979,1.01233390591488,0.670475
M3,Polioptila_plumbea,Polioptila_plumbea,-0.603597055625662,-5.53840587190945,4.36693640809027,0.595525
M3,Pyriglena_pernambucensis,Pyriglena_leuconota,-6.71986592287363,-10.6399894304133,-2.98961364419451,0.999775
M3,Pyriglena_leucoptera,Pyriglena_leucoptera,-0.736330113035179,-1.65280223147357,0.188486071571377,0.94105
M3,Ramphocelus_bresilius,Ramphocelus_bresilius,-0.287722655459422,-1.67974621528795,1.09872654411096,0.65695
M3,Rhopias_gularis,Rhopias_gularis,-0.695872537970421,-2.8877277583722,1.4919969351216,0.731975
M3,Sicalis_flaveola,Sicalis_flaveola,0.515803834161008,-2.19366150713137,3.19494600085264,0.354225
M3,Sporophila_caerulescens,Sporophila_caerulescens,1.01358050103191,-1.3435068449499,3.38722884162903,0.20035
M3,Stephanophorus_diadematus,Stephanophorus_diadematus,-2.74176896262935,-5.01363829378181,-0.481812559704851,0.9913
M3,Tangara_cayana,Stilpnia_cayana,-0.773988982393082,-2.86910151228813,1.30388437207038,0.76275
M3,Tangara_peruviana,Stilpnia_peruviana,0.306958164316964,-2.2618884646173,2.86955524790155,0.407775
M3,Tachyphonus_coronatus,Tachyphonus_coronatus,-0.489585884081631,-1.32274668972752,0.33751805049827,0.876175
M3,Tachyphonus_rufus,Tachyphonus_rufus,-1.71373428887248,-3.92450793033635,0.492589652447651,0.93655
M3,Tangara_seledon,Tangara_seledon,-3.40482530173516,-5.83375708887991,-1.0095885645268,0.997375
M3,Taraba_major,Taraba_major,-2.73760660142025,-5.76729992400141,0.273405826130098,0.96415
M3,Thamnophilus_ambiguus,Thamnophilus_ambiguus,-1.33379072867429,-3.57802922701287,0.903857972106496,0.877375
M3,Thamnophilus_caerulescens,Thamnophilus_caerulescens,-0.33689781977479,-1.47666681153205,0.80139752695585,0.716275
M3,Thamnophilus_doliatus,Thamnophilus_doliatus,-1.04857177313764,-5.0252457076378,2.92886134286309,0.698925
M3,Thamnophilus_pelzelni,Thamnophilus_pelzelni,1.28226816645965,-2.49922561099968,5.16491529025049,0.25805
M3,Thamnophilus_torquatus,Thamnophilus_torquatus,0.598383697554056,-1.80299534395537,2.98190745091501,0.3133
M3,Pyrrhocoma_ruficeps,Thlypopsis_pyrrhocoma,3.62983329639585,-0.926844281359101,8.49695145085696,0.0609
M3,Tangara_sayaca,Thraupis_sayaca,-1.62148986752696,-5.8650261231123,2.53139973848407,0.775775
M3,Trichothraupis_melanops,Trichothraupis_melanops,-0.961814016371474,-1.72863320831941,-0.206995308699148,0.993575
M3,Turdus_amaurochalinus,Turdus_amaurochalinus,-2.37499191237737,-4.2700195569727,-0.488140776364769,0.99325
M3,Turdus_flavipes,Turdus_flavipes,-2.82905779287473,-4.09492645427731,-1.5544303596413,1
M3,Turdus_leucomelas,Turdus_leucomelas,1.94006258374656,-1.9564100952335,5.96511817324978,0.16805
M3,Turdus_nigriceps,Turdus_nigriceps,-2.23239397426745,-5.669304849248,1.13909584649479,0.900975
M3,Turdus_rufiventris,Turdus_rufiventris,-0.115247106858263,-2.40548317128136,2.16238572686942,0.537725
M3,Volatinia_jacarina,Volatinia_jacarina,-2.06152340937288,-4.36632305850048,0.238894765396086,0.960725
M3,Zonotrichia_capensis,Zonotrichia_capensis,0.422504285015788,-1.6531963889137,2.49670908933456,0.343575
M0,Arremon_flavirostris,Arremon_flavirostris,0.0296527715987027,-4.7351994912757,4.85074299988111,0.49595
M0,Arremon_taciturnus,Arremon_taciturnus,-5.01436876993322,-7.62163263678909,-2.41695287554938,0.999975
M0,Tiaris_fuliginosus,Asemospiza_fuliginosa,-14.3143260199682,-16.9594443929798,-11.6713099713502,1
M0,Ceratopipra_rubrocapilla,Ceratopipra_rubrocapilla,-2.01252549748455,-4.08288812970269,0.0951431856664819,0.969125
M0,Chiroxiphia_caudata,Chiroxiphia_caudata,-1.64704741457822,-2.27673686706197,-1.02529432754011,1
M0,Antilophia_galeata,Chiroxiphia_galeata,-3.5264292501893,-6.96994610442123,-0.0950152764948158,0.97825
M0,Chiroxiphia_pareola,Chiroxiphia_pareola,3.9608656660082,1.65941741630624,6.2656463935753,0.000275
M0,Coereba_flaveola,Coereba_flaveola,-4.52922715184453,-9.32958119560592,0.231865413749199,0.9688
M0,Conopophaga_cearae,Conopophaga_cearae,0.406314619361323,-3.22720330937041,4.05783159005101,0.414675
M0,Conopophaga_lineata,Conopophaga_lineata,-0.731239444208656,-1.77619227783875,0.306230179621494,0.9141
M0,Conopophaga_melanops,Conopophaga_melanops,-2.34889759681363,-3.27502396902187,-1.42037556070564,1
M0,Coryphospingus_cucullatus,Coryphospingus_cucullatus,1.33426221050462,-1.01115907872066,3.69942097070722,0.1336
M0,Coryphospingus_pileatus,Coryphospingus_pileatus,0.05827222952683,-3.85095762027558,3.96966692896584,0.490175
M0,Cyanerpes_cyaneus,Cyanerpes_cyaneus,-0.125776478866834,-3.07449484295377,2.80916277755601,0.533925
M0,Dacnis_cayana,Dacnis_cayana,-1.43981360167621,-3.54139377714588,0.666419033364335,0.9117
M0,Drymophila_malura,Drymophila_malura,4.25037663581808,-0.193737769593105,8.78321003071975,0.030525
M0,Drymophila_squamata,Drymophila_squamata,-0.817865848562937,-2.45667616715854,0.81384227265742,0.834025
M0,Dysithamnus_mentalis,Dysithamnus_mentalis,-0.25623072404331,-1.26758702969642,0.747420831975553,0.692375
M0,Euphonia_chlorotica,Euphonia_chlorotica,0.0739547310695241,-4.0348445388214,4.23207107801289,0.4856
M0,Euphonia_pectoralis,Euphonia_pectoralis,0.86538611909386,-1.13154430439518,2.85881153313266,0.198375
M0,Euphonia_violacea,Euphonia_violacea,-0.619645164850322,-2.34026887344524,1.0993398700393,0.75875
M0,Formicivora_grisea,Formicivora_grisea,-2.24758976987448,-5.90524189785307,1.41885966528516,0.8861
M0,Formicivora_rufa,Formicivora_rufa,-1.72411806288601,-4.66681409830583,1.26589116878865,0.872075
M0,Geothlypis_aequinoctialis,Geothlypis_aequinoctialis,0.343802360306725,-0.542323657830904,1.22681992314824,0.222525
M0,Habia_rubica,Habia_rubica,-1.21442389649803,-2.37318538948673,-0.0714155114812466,0.9808
M0,Haplospiza_unicolor,Haplospiza_unicolor,-6.18985966353129,-7.33352187670704,-5.04501980839964,1
M0,Herpsilochmus_atricapillus,Herpsilochmus_atricapillus,-1.35048678922354,-7.7512185948047,5.10212853019215,0.658525
M0,Ilicura_militaris,Ilicura_militaris,-2.61934543056757,-5.40433081809315,0.142152598303142,0.968725
M0,Knipolegus_cyanirostris,Knipolegus_cyanirostris,-0.474840595199981,-2.81363331530671,1.85515376098205,0.65685
M0,Tachyphonus_cristatus,Loriotus_cristatus,-0.937304758878552,-3.12058325459884,1.26816749484417,0.798075
M0,Machaeropterus_regulus,Machaeropterus_regulus,-2.52727266071392,-6.76158729524857,1.75670829374789,0.879025
M0,Manacus_manacus,Manacus_manacus,-0.257109731219942,-1.13823236341375,0.630049765551931,0.715925
M0,Microspingus_cabanisi,Microspingus_cabanisi,0.879431663845772,-1.25303779152356,3.0531309322454,0.2132
M0,Molothrus_bonariensis,Molothrus_bonariensis,-9.70952941539641,-13.728536204909,-5.73434363055841,1
M0,Myiobius_barbatus,Myiobius_barbatus,1.49325485079738,-1.25178168804198,4.23455830994319,0.14365
M0,Myiothlypis_leucoblephara,Myiothlypis_leucoblephara,1.8827536574182,-1.02622676311399,4.82256000454172,0.10085
M0,Myrmoderus_squamosus,Myrmoderus_squamosus,1.07927924216322,-0.826330539840097,2.96721459886132,0.1331
M0,Myrmotherula_axillaris,Myrmotherula_axillaris,-0.560574432533192,-2.33231374577526,1.217876165508,0.731125
M0,Myrmotherula_unicolor,Myrmotherula_unicolor,-0.747605252840902,-2.71488027528779,1.21822827981096,0.771375
M0,Pachyramphus_polychopterus,Pachyramphus_polychopterus,-0.784964488405168,-3.91070080846136,2.36602023032644,0.68945
M0,Passer_domesticus,Passer_domesticus,-5.73258990446745,-9.99864469041426,-1.56126841242853,0.996425
M0,Pipra_fasciicauda,Pipra_fasciicauda,-1.51158838612335,-3.20113177403348,0.201135527590158,0.959475
M0,Platyrinchus_mystaceus,Platyrinchus_mystaceus,-0.558518118901862,-1.81207798196695,0.697696392607679,0.808125
M0,Polioptila_plumbea,Polioptila_plumbea,-1.68283195759734,-8.2131954546202,4.76244222215726,0.69635
M0,Pyriglena_pernambucensis,Pyriglena_leuconota,-9.57386778676097,-14.1452555085595,-5.15681705139082,1
M0,Pyriglena_leucoptera,Pyriglena_leucoptera,-1.14791577710283,-2.03681282782741,-0.260564252168879,0.994425
M0,Ramphocelus_bresilius,Ramphocelus_bresilius,-0.957329025771568,-2.36892741085862,0.451827093781127,0.907825
M0,Rhopias_gularis,Rhopias_gularis,-1.59245692276677,-3.91888164567234,0.733499749730146,0.907875
M0,Sicalis_flaveola,Sicalis_flaveola,-13.0753504865799,-15.6747601992937,-10.5155117775822,1
M0,Sporophila_caerulescens,Sporophila_caerulescens,-0.593862146534878,-3.16601054954718,1.96991127772645,0.67615
M0,Stephanophorus_diadematus,Stephanophorus_diadematus,-9.87800506324489,-12.2656484754518,-7.50235653201304,1
M0,Tangara_cayana,Stilpnia_cayana,-0.881322846366782,-3.10825789842355,1.34047843158885,0.782475
M0,Tangara_peruviana,Stilpnia_peruviana,0.732183378493742,-2.14954856417939,3.63717402269281,0.312925
M0,Tachyphonus_coronatus,Tachyphonus_coronatus,-0.90552773133635,-1.68341132761615,-0.126864551091265,0.988425
M0,Tachyphonus_rufus,Tachyphonus_rufus,-2.18343216151584,-4.63028631639244,0.214321762561413,0.962575
M0,Tangara_seledon,Tangara_seledon,-4.32600102290867,-7.03520184740883,-1.64239918115991,0.999275
M0,Taraba_major,Taraba_major,-4.00674522560343,-7.40706220011306,-0.607197637203134,0.989675
M0,Thamnophilus_ambiguus,Thamnophilus_ambiguus,-1.53281375377626,-3.89639842361705,0.813848007885463,0.8973
M0,Thamnophilus_caerulescens,Thamnophilus_caerulescens,0.436263762349369,-0.68593291017514,1.57050735647067,0.224725
M0,Thamnophilus_doliatus,Thamnophilus_doliatus,-3.13876173460977,-7.75118338352706,1.41581575749645,0.909975
M0,Thamnophilus_pelzelni,Thamnophilus_pelzelni,1.55719630323776,-3.00719342258669,6.12107073011739,0.25225
M0,Thamnophilus_torquatus,Thamnophilus_torquatus,-0.917698395956838,-3.48658152569137,1.64260779569125,0.7595
M0,Pyrrhocoma_ruficeps,Thlypopsis_pyrrhocoma,-2.05401313465143,-7.56481366155682,3.47811147163114,0.767925
M0,Tangara_sayaca,Thraupis_sayaca,-4.32219377696943,-9.5835678044901,0.874992154132769,0.947675
M0,Trichothraupis_melanops,Trichothraupis_melanops,-1.44938808704549,-2.13722242725286,-0.758823704121182,1
M0,Turdus_amaurochalinus,Turdus_amaurochalinus,-1.39685989949859,-3.09815500494099,0.313069829861312,0.9458
M0,Turdus_flavipes,Turdus_flavipes,-4.66149318724937,-5.9609095737597,-3.33384262150204,1
M0,Turdus_leucomelas,Turdus_leucomelas,6.4674226456168,1.75161403811651,11.3480399452905,0.003375
M0,Turdus_nigriceps,Turdus_nigriceps,-2.83839263033901,-6.85378529629189,1.17421233487648,0.91765
M0,Turdus_rufiventris,Turdus_rufiventris,-6.2380961001858,-8.45397959373135,-4.03796468835339,1
M0,Volatinia_jacarina,Volatinia_jacarina,-2.66515399696427,-5.10516922765756,-0.202314586365995,0.982475
M0,Zonotrichia_capensis,Zonotrichia_capensis,0.338856749724132,-1.82824219639524,2.4778704467049,0.376375
